# bench-hljs/1 — 191 auto-detection test files of highlight.js (fc3f063), labelled by their directory, run without a name; generated by build_cases.py; see README.md
case_id,tier,ext,sha1_git,filename,qualified_swhid,expected,expected_detail,accept,reference,provenance,frame,stratum,weight,tags,type,path
hljs:1e8a0466b051,gold,,be0d86d0097b3c9504dae0344b68e55104cfed4d,,swh:1:cnt:be0d86d0097b3c9504dae0344b68e55104cfed4d;origin=https://github.com/highlightjs/highlight.js;path=/test/detect/1c/default.txt,1C Enterprise,1C:Enterprise (highlight.js `1c`),1C Enterprise;1C:Enterprise;1c,highlight.js' maintainers (the test's directory: a language id),highlight.js@fc3f063,,,,in-linguist,programming,test/detect/1c/default.txt
hljs:e2cdf316568a,gold,,5ae2bce2bd3043cd5689e3306c9b70c740bb9776,,swh:1:cnt:5ae2bce2bd3043cd5689e3306c9b70c740bb9776;origin=https://github.com/highlightjs/highlight.js;path=/test/detect/abnf/default.txt,ABNF,Augmented Backus-Naur Form (highlight.js `abnf`),ABNF;Augmented Backus-Naur Form;abnf,highlight.js' maintainers (the test's directory: a language id),highlight.js@fc3f063,,,,in-linguist,data,test/detect/abnf/default.txt
hljs:271b0d54fefc,gold,,b416de8eff9dcbc17c83ae42f0eb8cd0a34ce9e6,,swh:1:cnt:b416de8eff9dcbc17c83ae42f0eb8cd0a34ce9e6;origin=https://github.com/highlightjs/highlight.js;path=/test/detect/actionscript/default.txt,ActionScript,ActionScript (highlight.js `actionscript`),ActionScript;actionscript 3;actionscript3;as3;actionscript,highlight.js' maintainers (the test's directory: a language id),highlight.js@fc3f063,,,,in-linguist,programming,test/detect/actionscript/default.txt
hljs:77631ba183af,gold,,09318ae0adc24dfaeab7a68dd070db328c759b94,,swh:1:cnt:09318ae0adc24dfaeab7a68dd070db328c759b94;origin=https://github.com/highlightjs/highlight.js;path=/test/detect/ada/default.txt,Ada,Ada (highlight.js `ada`),Ada;ada95;ada2005;ada,highlight.js' maintainers (the test's directory: a language id),highlight.js@fc3f063,,,,in-linguist,programming,test/detect/ada/default.txt
hljs:8afaad9fdbe2,gold,,4adea5222ca446517c0ab3b77171a0c22dd24aa6,,swh:1:cnt:4adea5222ca446517c0ab3b77171a0c22dd24aa6;origin=https://github.com/highlightjs/highlight.js;path=/test/detect/angelscript/default.txt,AngelScript,AngelScript (highlight.js `angelscript`),AngelScript;angelscript,highlight.js' maintainers (the test's directory: a language id),highlight.js@fc3f063,,,,in-linguist,programming,test/detect/angelscript/default.txt
hljs:b2f332d6c7b6,gold,,3bf2af4f03f9cd0dbd40063216fbe7fb7635b040,,swh:1:cnt:3bf2af4f03f9cd0dbd40063216fbe7fb7635b040;origin=https://github.com/highlightjs/highlight.js;path=/test/detect/apache/default.txt,ApacheConf,Apache config (highlight.js `apache`),ApacheConf;aconf;apache;Apache config,highlight.js' maintainers (the test's directory: a language id),highlight.js@fc3f063,,,,in-linguist,data,test/detect/apache/default.txt
hljs:6e55c2bfbd25,gold,,f0b658be141e9a55b56b299dde793572fdc9cef8,,swh:1:cnt:f0b658be141e9a55b56b299dde793572fdc9cef8;origin=https://github.com/highlightjs/highlight.js;path=/test/detect/applescript/default.txt,AppleScript,AppleScript (highlight.js `applescript`),AppleScript;apples;osascript;applescript,highlight.js' maintainers (the test's directory: a language id),highlight.js@fc3f063,,,,in-linguist,programming,test/detect/applescript/default.txt
hljs:19af3e29d7da,gold,,a9a544f02590ed4f07f2591497ba1fa60c2d9161,,swh:1:cnt:a9a544f02590ed4f07f2591497ba1fa60c2d9161;origin=https://github.com/highlightjs/highlight.js;path=/test/detect/arcade/default.txt,ArcGIS Arcade,ArcGIS Arcade (highlight.js `arcade`),ArcGIS Arcade;arcade,highlight.js' maintainers (the test's directory: a language id),highlight.js@fc3f063,,,,not-in-linguist,,test/detect/arcade/default.txt
hljs:1e21e094d96b,gold,,ebcab8623b96060b842741057a4dd1865c1bd737,,swh:1:cnt:ebcab8623b96060b842741057a4dd1865c1bd737;origin=https://github.com/highlightjs/highlight.js;path=/test/detect/arduino/default.txt,Arduino,Arduino (highlight.js `arduino`),Arduino;arduino,highlight.js' maintainers (the test's directory: a language id),highlight.js@fc3f063,,,,not-in-linguist,,test/detect/arduino/default.txt
hljs:2e970541c8e0,gold,,b01d965ff097ecc1527c5d18469c7c16c13c780b,,swh:1:cnt:b01d965ff097ecc1527c5d18469c7c16c13c780b;origin=https://github.com/highlightjs/highlight.js;path=/test/detect/armasm/default.txt,ARM Assembly,ARM Assembly (highlight.js `armasm`),ARM Assembly;armasm,highlight.js' maintainers (the test's directory: a language id),highlight.js@fc3f063,,,,not-in-linguist,,test/detect/armasm/default.txt
hljs:bea0d3cac74b,gold,,2af6ee6c712bc7a4a9770b74b5eae008cd03088a,,swh:1:cnt:2af6ee6c712bc7a4a9770b74b5eae008cd03088a;origin=https://github.com/highlightjs/highlight.js;path=/test/detect/asciidoc/default.txt,AsciiDoc,AsciiDoc (highlight.js `asciidoc`),AsciiDoc;asciidoc,highlight.js' maintainers (the test's directory: a language id),highlight.js@fc3f063,,,,in-linguist,prose,test/detect/asciidoc/default.txt
hljs:c677228de057,gold,,4428565d5877c07d68b973fc2b37fe850c743dd0,,swh:1:cnt:4428565d5877c07d68b973fc2b37fe850c743dd0;origin=https://github.com/highlightjs/highlight.js;path=/test/detect/aspectj/default.txt,AspectJ,AspectJ (highlight.js `aspectj`),AspectJ;aspectj,highlight.js' maintainers (the test's directory: a language id),highlight.js@fc3f063,,,,in-linguist,programming,test/detect/aspectj/default.txt
hljs:414fbafc8d1a,gold,,5b4a749945ae0f7040956168fe6ed985b5667eaf,,swh:1:cnt:5b4a749945ae0f7040956168fe6ed985b5667eaf;origin=https://github.com/highlightjs/highlight.js;path=/test/detect/autohotkey/default.txt,AutoHotkey,AutoHotkey (highlight.js `autohotkey`),AutoHotkey;ahk;autohotkey,highlight.js' maintainers (the test's directory: a language id),highlight.js@fc3f063,,,,in-linguist,programming,test/detect/autohotkey/default.txt
hljs:4a1a204f5942,gold,,7946a548bae5b84b35773ef4627c6e24ad9a1409,,swh:1:cnt:7946a548bae5b84b35773ef4627c6e24ad9a1409;origin=https://github.com/highlightjs/highlight.js;path=/test/detect/autoit/default.txt,AutoIt,AutoIt (highlight.js `autoit`),AutoIt;au3;AutoIt3;AutoItScript;autoit,highlight.js' maintainers (the test's directory: a language id),highlight.js@fc3f063,,,,in-linguist,programming,test/detect/autoit/default.txt
hljs:e7e06b10e302,gold,,d9fd70e5f324481dbd7d3e85b3fce23cc375edcb,,swh:1:cnt:d9fd70e5f324481dbd7d3e85b3fce23cc375edcb;origin=https://github.com/highlightjs/highlight.js;path=/test/detect/avrasm/default.txt,AVR Assembly,AVR Assembly (highlight.js `avrasm`),AVR Assembly;avrasm,highlight.js' maintainers (the test's directory: a language id),highlight.js@fc3f063,,,,not-in-linguist,,test/detect/avrasm/default.txt
hljs:2d124a82f92e,gold,,239869c0a7aacb179835f367d767641c36f68eea,,swh:1:cnt:239869c0a7aacb179835f367d767641c36f68eea;origin=https://github.com/highlightjs/highlight.js;path=/test/detect/awk/default.txt,Awk,Awk (highlight.js `awk`),Awk;awk,highlight.js' maintainers (the test's directory: a language id),highlight.js@fc3f063,,,,in-linguist,programming,test/detect/awk/default.txt
hljs:a4d8a656c5f1,gold,,100750a8043f5d3f7bc9ac44230aaf8a67405a6a,,swh:1:cnt:100750a8043f5d3f7bc9ac44230aaf8a67405a6a;origin=https://github.com/highlightjs/highlight.js;path=/test/detect/axapta/default.txt,X++,Microsoft X++ (highlight.js `axapta`),X++;Microsoft X++;axapta,highlight.js' maintainers (the test's directory: a language id),highlight.js@fc3f063,,,,not-in-linguist,,test/detect/axapta/default.txt
hljs:335e7ec16ef0,gold,,0e6e8b9cbfbf418f7a6b9818bd77740fe6cb79d2,,swh:1:cnt:0e6e8b9cbfbf418f7a6b9818bd77740fe6cb79d2;origin=https://github.com/highlightjs/highlight.js;path=/test/detect/bash/default.txt,Shell,Bash (highlight.js `bash`),Shell;sh;shell-script;bash;zsh;envrc;Bash,highlight.js' maintainers (the test's directory: a language id),highlight.js@fc3f063,,,,in-linguist,programming,test/detect/bash/default.txt
hljs:2b66c3d95770,gold,,04db6debcec5dbdb0224f12926f70643b0416d19,,swh:1:cnt:04db6debcec5dbdb0224f12926f70643b0416d19;origin=https://github.com/highlightjs/highlight.js;path=/test/detect/basic/default.txt,BASIC,BASIC (highlight.js `basic`),BASIC;basic,highlight.js' maintainers (the test's directory: a language id),highlight.js@fc3f063,,,,in-linguist,programming,test/detect/basic/default.txt
hljs:f824cb1ceb3f,gold,,2149c65d226851b7b01df13ac5bba69fc35a9559,,swh:1:cnt:2149c65d226851b7b01df13ac5bba69fc35a9559;origin=https://github.com/highlightjs/highlight.js;path=/test/detect/bnf/default.txt,Backus–Naur Form,Backus–Naur Form (highlight.js `bnf`),Backus–Naur Form;bnf,highlight.js' maintainers (the test's directory: a language id),highlight.js@fc3f063,,,,not-in-linguist,,test/detect/bnf/default.txt
hljs:bf2871d00f57,gold,,5156af02e17448866021babda212602555ed2986,,swh:1:cnt:5156af02e17448866021babda212602555ed2986;origin=https://github.com/highlightjs/highlight.js;path=/test/detect/brainfuck/default.txt,Brainfuck,Brainfuck (highlight.js `brainfuck`),Brainfuck;brainfuck,highlight.js' maintainers (the test's directory: a language id),highlight.js@fc3f063,,,,in-linguist,programming,test/detect/brainfuck/default.txt
hljs:3b30b8f0226e,gold,,eb65b973644b5f2fe6a9e2b602aa3430000443b6,,swh:1:cnt:eb65b973644b5f2fe6a9e2b602aa3430000443b6;origin=https://github.com/highlightjs/highlight.js;path=/test/detect/cal/default.txt,C/AL,C/AL (highlight.js `cal`),C/AL;cal,highlight.js' maintainers (the test's directory: a language id),highlight.js@fc3f063,,,,not-in-linguist,,test/detect/cal/default.txt
hljs:e9abcd06da65,gold,,f57fbea09361047594f64921d06200dac28e8f44,,swh:1:cnt:f57fbea09361047594f64921d06200dac28e8f44;origin=https://github.com/highlightjs/highlight.js;path=/test/detect/capnproto/default.txt,Cap'n Proto,Cap’n Proto (highlight.js `capnproto`),Cap'n Proto;Cap’n Proto;capnproto,highlight.js' maintainers (the test's directory: a language id),highlight.js@fc3f063,,,,in-linguist,programming,test/detect/capnproto/default.txt
hljs:2e0098ff89c1,gold,,be711bd5da313c67366e4d17b1f6a86e99e87fb4,,swh:1:cnt:be711bd5da313c67366e4d17b1f6a86e99e87fb4;origin=https://github.com/highlightjs/highlight.js;path=/test/detect/ceylon/default.txt,Ceylon,Ceylon (highlight.js `ceylon`),Ceylon;ceylon,highlight.js' maintainers (the test's directory: a language id),highlight.js@fc3f063,,,,in-linguist,programming,test/detect/ceylon/default.txt
hljs:6121848bce61,gold,,ecbe7b1c7b02dc827cc11c63a5b78bc04d0c27d5,,swh:1:cnt:ecbe7b1c7b02dc827cc11c63a5b78bc04d0c27d5;origin=https://github.com/highlightjs/highlight.js;path=/test/detect/clean/default.txt,Clean,Clean (highlight.js `clean`),Clean;clean,highlight.js' maintainers (the test's directory: a language id),highlight.js@fc3f063,,,,in-linguist,programming,test/detect/clean/default.txt
hljs:379adc990477,gold,,f34a84415cd90f037c47e7051f2db81845b0aeb1,,swh:1:cnt:f34a84415cd90f037c47e7051f2db81845b0aeb1;origin=https://github.com/highlightjs/highlight.js;path=/test/detect/clojure/default.txt,Clojure,Clojure (highlight.js `clojure`),Clojure;clojure,highlight.js' maintainers (the test's directory: a language id),highlight.js@fc3f063,,,,in-linguist,programming,test/detect/clojure/default.txt
hljs:b5fe661d3e60,gold,,2bbea38c9da118c848816242a317ccc77db7a9e2,,swh:1:cnt:2bbea38c9da118c848816242a317ccc77db7a9e2;origin=https://github.com/highlightjs/highlight.js;path=/test/detect/cmake/default.txt,CMake,CMake (highlight.js `cmake`),CMake;cmake,highlight.js' maintainers (the test's directory: a language id),highlight.js@fc3f063,,,,in-linguist,programming,test/detect/cmake/default.txt
hljs:29a5e73fdaac,gold,,be431ae1e9dd2eca6b9d7f071855845575aedba0,,swh:1:cnt:be431ae1e9dd2eca6b9d7f071855845575aedba0;origin=https://github.com/highlightjs/highlight.js;path=/test/detect/coffeescript/default.txt,CoffeeScript,CoffeeScript (highlight.js `coffeescript`),CoffeeScript;coffee;coffee-script;coffeescript,highlight.js' maintainers (the test's directory: a language id),highlight.js@fc3f063,,,,in-linguist,programming,test/detect/coffeescript/default.txt
hljs:8b1e38d7639d,gold,,482b23e0ebdf7734d4374f6ac3fa98f0bcad9d69,,swh:1:cnt:482b23e0ebdf7734d4374f6ac3fa98f0bcad9d69;origin=https://github.com/highlightjs/highlight.js;path=/test/detect/coq/default.txt,Rocq Prover,Coq (highlight.js `coq`),Rocq Prover;coq;rocq;Coq,highlight.js' maintainers (the test's directory: a language id),highlight.js@fc3f063,,,,in-linguist,programming,test/detect/coq/default.txt
hljs:ecb32f2605dc,gold,,52924f13097fa4fe2c3f140722b977e6b349a5f0,,swh:1:cnt:52924f13097fa4fe2c3f140722b977e6b349a5f0;origin=https://github.com/highlightjs/highlight.js;path=/test/detect/cos/default.txt,ObjectScript,Caché Object Script (highlight.js `cos`),ObjectScript;Caché Object Script;cos,highlight.js' maintainers (the test's directory: a language id),highlight.js@fc3f063,,,,in-linguist,programming,test/detect/cos/default.txt
hljs:43b1e8d2689a,gold,,711708042af279a9c64560cc5fca9acc4224a9b1,,swh:1:cnt:711708042af279a9c64560cc5fca9acc4224a9b1;origin=https://github.com/highlightjs/highlight.js;path=/test/detect/cpp/default.txt,C++,C++ (highlight.js `cpp`),C++;cpp,highlight.js' maintainers (the test's directory: a language id),highlight.js@fc3f063,,,,in-linguist,programming,test/detect/cpp/default.txt
hljs:cff64dd4116a,gold,,4e4c286c06efae0d0f085a4975d00ac46fcd0fd9,,swh:1:cnt:4e4c286c06efae0d0f085a4975d00ac46fcd0fd9;origin=https://github.com/highlightjs/highlight.js;path=/test/detect/crmsh/default.txt,crmsh,crmsh (highlight.js `crmsh`),crmsh,highlight.js' maintainers (the test's directory: a language id),highlight.js@fc3f063,,,,not-in-linguist,,test/detect/crmsh/default.txt
hljs:3ab29e761c00,gold,,78ca884f935c441612d0b84f1f2e81920fb4595f,,swh:1:cnt:78ca884f935c441612d0b84f1f2e81920fb4595f;origin=https://github.com/highlightjs/highlight.js;path=/test/detect/crystal/default.txt,Crystal,Crystal (highlight.js `crystal`),Crystal;crystal,highlight.js' maintainers (the test's directory: a language id),highlight.js@fc3f063,,,,in-linguist,programming,test/detect/crystal/default.txt
hljs:f22f150ec653,gold,,53020579836f636428982a51931bfe66b6407db1,,swh:1:cnt:53020579836f636428982a51931bfe66b6407db1;origin=https://github.com/highlightjs/highlight.js;path=/test/detect/csharp/default.txt,C#,C# (highlight.js `csharp`),C#;csharp;cake;cakescript,highlight.js' maintainers (the test's directory: a language id),highlight.js@fc3f063,,,,in-linguist,programming,test/detect/csharp/default.txt
hljs:cdcc6d0f77b3,gold,,9a54e2b4e8ce6ed1e1056dd13ffa97e6ea4a2e30,,swh:1:cnt:9a54e2b4e8ce6ed1e1056dd13ffa97e6ea4a2e30;origin=https://github.com/highlightjs/highlight.js;path=/test/detect/csp/default.txt,CSP,CSP (highlight.js `csp`),CSP;csp,highlight.js' maintainers (the test's directory: a language id),highlight.js@fc3f063,,,,not-in-linguist,,test/detect/csp/default.txt
hljs:b1b41ef1d9d0,gold,,6f992b029ff432038e1e9b66ba3a61d0b53d6092,,swh:1:cnt:6f992b029ff432038e1e9b66ba3a61d0b53d6092;origin=https://github.com/highlightjs/highlight.js;path=/test/detect/css/default.txt,CSS,CSS (highlight.js `css`),CSS;css,highlight.js' maintainers (the test's directory: a language id),highlight.js@fc3f063,,,,in-linguist,markup,test/detect/css/default.txt
hljs:2e5e17fa3c2e,gold,,92cc8d84eb5734055f06211329c81eefe10235d0,,swh:1:cnt:92cc8d84eb5734055f06211329c81eefe10235d0;origin=https://github.com/highlightjs/highlight.js;path=/test/detect/d/default.txt,D,D (highlight.js `d`),D;Dlang;d,highlight.js' maintainers (the test's directory: a language id),highlight.js@fc3f063,,,,in-linguist,programming,test/detect/d/default.txt
hljs:6eeac86ef477,gold,,a49b8e053793b585436d7fb7aeff7df6efa2447c,,swh:1:cnt:a49b8e053793b585436d7fb7aeff7df6efa2447c;origin=https://github.com/highlightjs/highlight.js;path=/test/detect/dart/default.txt,Dart,Dart (highlight.js `dart`),Dart;dart,highlight.js' maintainers (the test's directory: a language id),highlight.js@fc3f063,,,,in-linguist,programming,test/detect/dart/default.txt
hljs:00013be4dbe0,gold,,cea946d42dc603f47524d718a25c3b4a3ee40dee,,swh:1:cnt:cea946d42dc603f47524d718a25c3b4a3ee40dee;origin=https://github.com/highlightjs/highlight.js;path=/test/detect/delphi/default.txt,Pascal,Delphi (highlight.js `delphi`),Pascal;delphi;objectpascal;Delphi,highlight.js' maintainers (the test's directory: a language id),highlight.js@fc3f063,,,,in-linguist,programming,test/detect/delphi/default.txt
hljs:df34b4ed9ccc,gold,,4f4c04fe313da5f4b6e1fe5e37b7fdbd85ba1a1e,,swh:1:cnt:4f4c04fe313da5f4b6e1fe5e37b7fdbd85ba1a1e;origin=https://github.com/highlightjs/highlight.js;path=/test/detect/diff/default.txt,Diff,Diff (highlight.js `diff`),Diff;udiff;diff,highlight.js' maintainers (the test's directory: a language id),highlight.js@fc3f063,,,,in-linguist,data,test/detect/diff/default.txt
hljs:45e50c0be33d,gold,,981105ad55a389c9ed6b614d7984effc1ca2013a,,swh:1:cnt:981105ad55a389c9ed6b614d7984effc1ca2013a;origin=https://github.com/highlightjs/highlight.js;path=/test/detect/django/default.txt,Jinja,Django (highlight.js `django`),Jinja;django;html+django;html+jinja;htmldjango;Django,highlight.js' maintainers (the test's directory: a language id),highlight.js@fc3f063,,,,in-linguist,markup,test/detect/django/default.txt
hljs:4598aaac7a37,gold,,61d27529e1c39f488ff56ce0c8386c09cae4a90a,,swh:1:cnt:61d27529e1c39f488ff56ce0c8386c09cae4a90a;origin=https://github.com/highlightjs/highlight.js;path=/test/detect/dns/default.txt,DNS Zone,DNS Zone (highlight.js `dns`),DNS Zone;dns,highlight.js' maintainers (the test's directory: a language id),highlight.js@fc3f063,,,,in-linguist,data,test/detect/dns/default.txt
hljs:ed0e6497cbaf,gold,,42e341df485d0d96252c69f306f894117ea6b953,,swh:1:cnt:42e341df485d0d96252c69f306f894117ea6b953;origin=https://github.com/highlightjs/highlight.js;path=/test/detect/dockerfile/default.txt,Dockerfile,Dockerfile (highlight.js `dockerfile`),Dockerfile;Containerfile;dockerfile,highlight.js' maintainers (the test's directory: a language id),highlight.js@fc3f063,,,,in-linguist,programming,test/detect/dockerfile/default.txt
hljs:df9e30b8792d,gold,,246ca3d923bddbd68d5dd8c1cf381bd823fa3045,,swh:1:cnt:246ca3d923bddbd68d5dd8c1cf381bd823fa3045;origin=https://github.com/highlightjs/highlight.js;path=/test/detect/dos/default.txt,Batchfile,Batch file (DOS) (highlight.js `dos`),Batchfile;bat;batch;dosbatch;winbatch;Batch file (DOS);dos,highlight.js' maintainers (the test's directory: a language id),highlight.js@fc3f063,,,,in-linguist,programming,test/detect/dos/default.txt
hljs:3cedb6f3b034,gold,,eaa678e64980c3e61cf6310cde90602492e04012,,swh:1:cnt:eaa678e64980c3e61cf6310cde90602492e04012;origin=https://github.com/highlightjs/highlight.js;path=/test/detect/dsconfig/default.txt,dsconfig,dsconfig (highlight.js `dsconfig`),dsconfig,highlight.js' maintainers (the test's directory: a language id),highlight.js@fc3f063,,,,not-in-linguist,,test/detect/dsconfig/default.txt
hljs:427b5376bb16,gold,,807826f9f49e0ad19a5f3f251b7cc95a9aaf4131,,swh:1:cnt:807826f9f49e0ad19a5f3f251b7cc95a9aaf4131;origin=https://github.com/highlightjs/highlight.js;path=/test/detect/dts/default.txt,Device Tree,Device Tree (highlight.js `dts`),Device Tree;dts,highlight.js' maintainers (the test's directory: a language id),highlight.js@fc3f063,,,,not-in-linguist,,test/detect/dts/default.txt
hljs:53726967c3be,gold,,11bc7eb03f4b279b46bd346351eb4a1008f0b2ae,,swh:1:cnt:11bc7eb03f4b279b46bd346351eb4a1008f0b2ae;origin=https://github.com/highlightjs/highlight.js;path=/test/detect/dust/default.txt,Dust,Dust (highlight.js `dust`),Dust;dust,highlight.js' maintainers (the test's directory: a language id),highlight.js@fc3f063,,,,not-in-linguist,,test/detect/dust/default.txt
hljs:6ef88c44ec7b,gold,,140d7f45fd4d11081f9fd8beeede888b14c3a4cc,,swh:1:cnt:140d7f45fd4d11081f9fd8beeede888b14c3a4cc;origin=https://github.com/highlightjs/highlight.js;path=/test/detect/ebnf/default.txt,EBNF,Extended Backus-Naur Form (highlight.js `ebnf`),EBNF;Extended Backus-Naur Form;ebnf,highlight.js' maintainers (the test's directory: a language id),highlight.js@fc3f063,,,,in-linguist,data,test/detect/ebnf/default.txt
hljs:930b979b9cd4,gold,,d78eb7d4a8dc7cf000f2d9c6b9a66a56f055aa67,,swh:1:cnt:d78eb7d4a8dc7cf000f2d9c6b9a66a56f055aa67;origin=https://github.com/highlightjs/highlight.js;path=/test/detect/elixir/default.txt,Elixir,Elixir (highlight.js `elixir`),Elixir;elixir,highlight.js' maintainers (the test's directory: a language id),highlight.js@fc3f063,,,,in-linguist,programming,test/detect/elixir/default.txt
hljs:291889cea0dd,gold,,5d9c38405721a9e7c802295380ddd294d7da130b,,swh:1:cnt:5d9c38405721a9e7c802295380ddd294d7da130b;origin=https://github.com/highlightjs/highlight.js;path=/test/detect/elm/default.txt,Elm,Elm (highlight.js `elm`),Elm;elm,highlight.js' maintainers (the test's directory: a language id),highlight.js@fc3f063,,,,in-linguist,programming,test/detect/elm/default.txt
hljs:763fd94e5b26,gold,,f7ea6203f5e410fca21cda4f18f4c5325b49025d,,swh:1:cnt:f7ea6203f5e410fca21cda4f18f4c5325b49025d;origin=https://github.com/highlightjs/highlight.js;path=/test/detect/erb/default.txt,HTML+ERB,ERB (Embedded Ruby) (highlight.js `erb`),HTML+ERB;erb;rhtml;html+ruby;ERB;ERB (Embedded Ruby),highlight.js' maintainers (the test's directory: a language id),highlight.js@fc3f063,,,,in-linguist,markup,test/detect/erb/default.txt
hljs:ffdb101da5d7,gold,,528e06449dab9ee47c9fff17b306b556aa7ffd55,,swh:1:cnt:528e06449dab9ee47c9fff17b306b556aa7ffd55;origin=https://github.com/highlightjs/highlight.js;path=/test/detect/erlang/default.txt,Erlang,Erlang (highlight.js `erlang`),Erlang;erlang,highlight.js' maintainers (the test's directory: a language id),highlight.js@fc3f063,,,,in-linguist,programming,test/detect/erlang/default.txt
hljs:ebf4473c1ef9,gold,,3ec724d4178e4555f4929873ac8c5dc7dccea165,,swh:1:cnt:3ec724d4178e4555f4929873ac8c5dc7dccea165;origin=https://github.com/highlightjs/highlight.js;path=/test/detect/excel/default.txt,Excel formulae,Excel formulae (highlight.js `excel`),Excel formulae;excel,highlight.js' maintainers (the test's directory: a language id),highlight.js@fc3f063,,,,not-in-linguist;tiny,,test/detect/excel/default.txt
hljs:7d0e59b86b60,gold,,e93a625456ca6ddd47294ce9a4ac628aed023561,,swh:1:cnt:e93a625456ca6ddd47294ce9a4ac628aed023561;origin=https://github.com/highlightjs/highlight.js;path=/test/detect/fix/default.txt,FIX,FIX (highlight.js `fix`),FIX;fix,highlight.js' maintainers (the test's directory: a language id),highlight.js@fc3f063,,,,not-in-linguist;tiny,,test/detect/fix/default.txt
hljs:5cc05c2a6275,gold,,77d7f1a42bce4613bac87bf5367d8382c3ddcbf6,,swh:1:cnt:77d7f1a42bce4613bac87bf5367d8382c3ddcbf6;origin=https://github.com/highlightjs/highlight.js;path=/test/detect/flix/default.txt,Flix,Flix (highlight.js `flix`),Flix;flix,highlight.js' maintainers (the test's directory: a language id),highlight.js@fc3f063,,,,in-linguist,programming,test/detect/flix/default.txt
hljs:2d2844cba03d,gold,,1d41b40b16dedccd2b5114e66d44a2fbac996231,,swh:1:cnt:1d41b40b16dedccd2b5114e66d44a2fbac996231;origin=https://github.com/highlightjs/highlight.js;path=/test/detect/fortran/default.txt,Fortran,Fortran (highlight.js `fortran`),Fortran;fortran,highlight.js' maintainers (the test's directory: a language id),highlight.js@fc3f063,,,,in-linguist,programming,test/detect/fortran/default.txt
hljs:f7069bab8123,gold,,b7a0031776adf18a68245817d70a74974bc1a676,,swh:1:cnt:b7a0031776adf18a68245817d70a74974bc1a676;origin=https://github.com/highlightjs/highlight.js;path=/test/detect/fsharp/default.txt,F#,F# (highlight.js `fsharp`),F#;fsharp,highlight.js' maintainers (the test's directory: a language id),highlight.js@fc3f063,,,,in-linguist,programming,test/detect/fsharp/default.txt
hljs:a1d298411e13,gold,,9de006e4d540209073d286932953c6ace49e7f0e,,swh:1:cnt:9de006e4d540209073d286932953c6ace49e7f0e;origin=https://github.com/highlightjs/highlight.js;path=/test/detect/gams/default.txt,GAMS,GAMS (highlight.js `gams`),GAMS;gams,highlight.js' maintainers (the test's directory: a language id),highlight.js@fc3f063,,,,in-linguist,programming,test/detect/gams/default.txt
hljs:a50a8e6df12c,gold,,3eb4f0b84bf24d973297081431d185f6e8b7e253,,swh:1:cnt:3eb4f0b84bf24d973297081431d185f6e8b7e253;origin=https://github.com/highlightjs/highlight.js;path=/test/detect/gauss/default.txt,GAUSS,GAUSS (highlight.js `gauss`),GAUSS;gauss,highlight.js' maintainers (the test's directory: a language id),highlight.js@fc3f063,,,,not-in-linguist,,test/detect/gauss/default.txt
hljs:1c3646d89b0e,gold,,c2652462c26e326cbcc678bc881fef6d4ffd0cb9,,swh:1:cnt:c2652462c26e326cbcc678bc881fef6d4ffd0cb9;origin=https://github.com/highlightjs/highlight.js;path=/test/detect/gcode/default.txt,G-code,G-code (ISO 6983) (highlight.js `gcode`),G-code;G-code (ISO 6983);gcode,highlight.js' maintainers (the test's directory: a language id),highlight.js@fc3f063,,,,in-linguist,programming,test/detect/gcode/default.txt
hljs:b167b49ee23b,gold,,52981fd11e51b428bf622e5940e4c541ede0e673,,swh:1:cnt:52981fd11e51b428bf622e5940e4c541ede0e673;origin=https://github.com/highlightjs/highlight.js;path=/test/detect/gherkin/default.txt,Gherkin,Gherkin (highlight.js `gherkin`),Gherkin;cucumber;gherkin,highlight.js' maintainers (the test's directory: a language id),highlight.js@fc3f063,,,,in-linguist,programming,test/detect/gherkin/default.txt
hljs:ec3560c1e555,gold,,ddaf24645d1b9d339df7367189e31a2e93e86932,,swh:1:cnt:ddaf24645d1b9d339df7367189e31a2e93e86932;origin=https://github.com/highlightjs/highlight.js;path=/test/detect/glsl/default.txt,GLSL,GLSL (highlight.js `glsl`),GLSL;glsl,highlight.js' maintainers (the test's directory: a language id),highlight.js@fc3f063,,,,in-linguist,programming,test/detect/glsl/default.txt
hljs:fd751e2e0a6b,gold,,354acb9ac4dde6ac24b2f17dd362b3f3e1bc1e7f,,swh:1:cnt:354acb9ac4dde6ac24b2f17dd362b3f3e1bc1e7f;origin=https://github.com/highlightjs/highlight.js;path=/test/detect/gml/default.txt,Game Maker Language,GML (highlight.js `gml`),Game Maker Language;GML;gml,highlight.js' maintainers (the test's directory: a language id),highlight.js@fc3f063,,,,in-linguist,programming,test/detect/gml/default.txt
hljs:ba62e83eca08,gold,,dfb0f8791025ff250c28baf54843f1d82310957b,,swh:1:cnt:dfb0f8791025ff250c28baf54843f1d82310957b;origin=https://github.com/highlightjs/highlight.js;path=/test/detect/go/default.txt,Go,Go (highlight.js `go`),Go;golang;go,highlight.js' maintainers (the test's directory: a language id),highlight.js@fc3f063,,,,in-linguist,programming,test/detect/go/default.txt
hljs:5af1d255a9db,gold,,fc3a1a1bc95fc373b5308e1ff967efb0e8c6c09f,,swh:1:cnt:fc3a1a1bc95fc373b5308e1ff967efb0e8c6c09f;origin=https://github.com/highlightjs/highlight.js;path=/test/detect/go/swift-like.txt,Go,Go (highlight.js `go`),Go;golang;go,highlight.js' maintainers (the test's directory: a language id),highlight.js@fc3f063,,,,in-linguist,programming,test/detect/go/swift-like.txt
hljs:58f58d77658d,gold,,5ef3ed855a2701b6a9550c34429b7c2cbf845ce2,,swh:1:cnt:5ef3ed855a2701b6a9550c34429b7c2cbf845ce2;origin=https://github.com/highlightjs/highlight.js;path=/test/detect/golo/default.txt,Golo,Golo (highlight.js `golo`),Golo;golo,highlight.js' maintainers (the test's directory: a language id),highlight.js@fc3f063,,,,in-linguist,programming,test/detect/golo/default.txt
hljs:3a5b76269804,gold,,e317ef0eaec82e550f8f1371755006b9cc3c2aa0,,swh:1:cnt:e317ef0eaec82e550f8f1371755006b9cc3c2aa0;origin=https://github.com/highlightjs/highlight.js;path=/test/detect/gradle/default.txt,Gradle,Gradle (highlight.js `gradle`),Gradle;gradle,highlight.js' maintainers (the test's directory: a language id),highlight.js@fc3f063,,,,in-linguist,data,test/detect/gradle/default.txt
hljs:219e4ff43d7e,gold,,256cd4511e0ab489960f2564f5028276a081cf8c,,swh:1:cnt:256cd4511e0ab489960f2564f5028276a081cf8c;origin=https://github.com/highlightjs/highlight.js;path=/test/detect/graphql/default.txt,GraphQL,GraphQL (highlight.js `graphql`),GraphQL;graphql,highlight.js' maintainers (the test's directory: a language id),highlight.js@fc3f063,,,,in-linguist,data,test/detect/graphql/default.txt
hljs:f0b58278deb0,gold,,7970359077fda75807681dcf30b2a6472e881993,,swh:1:cnt:7970359077fda75807681dcf30b2a6472e881993;origin=https://github.com/highlightjs/highlight.js;path=/test/detect/groovy/default.txt,Groovy,Groovy (highlight.js `groovy`),Groovy;groovy,highlight.js' maintainers (the test's directory: a language id),highlight.js@fc3f063,,,,in-linguist,programming,test/detect/groovy/default.txt
hljs:92fbe653da97,gold,,fb4bab32893fbc9c8401d2549b4cf1863c1a9fca,,swh:1:cnt:fb4bab32893fbc9c8401d2549b4cf1863c1a9fca;origin=https://github.com/highlightjs/highlight.js;path=/test/detect/haml/default.txt,Haml,HAML (highlight.js `haml`),Haml;HAML;haml,highlight.js' maintainers (the test's directory: a language id),highlight.js@fc3f063,,,,in-linguist,markup,test/detect/haml/default.txt
hljs:ece46e9c1755,gold,,ca9be828d17b7042fc18cecdfa2437c0b37b0f52,,swh:1:cnt:ca9be828d17b7042fc18cecdfa2437c0b37b0f52;origin=https://github.com/highlightjs/highlight.js;path=/test/detect/handlebars/default.txt,Handlebars,Handlebars (highlight.js `handlebars`),Handlebars;hbs;htmlbars;handlebars,highlight.js' maintainers (the test's directory: a language id),highlight.js@fc3f063,,,,in-linguist,markup,test/detect/handlebars/default.txt
hljs:6adb46dcd1ee,gold,,acb8378612b5f7c16f1399ff7366b7833b5ce0cc,,swh:1:cnt:acb8378612b5f7c16f1399ff7366b7833b5ce0cc;origin=https://github.com/highlightjs/highlight.js;path=/test/detect/haskell/default.txt,Haskell,Haskell (highlight.js `haskell`),Haskell;haskell,highlight.js' maintainers (the test's directory: a language id),highlight.js@fc3f063,,,,in-linguist,programming,test/detect/haskell/default.txt
hljs:6d080472a591,gold,,7db9c96abecf9dad8577fb6253754716e8295011,,swh:1:cnt:7db9c96abecf9dad8577fb6253754716e8295011;origin=https://github.com/highlightjs/highlight.js;path=/test/detect/haxe/default.txt,Haxe,Haxe (highlight.js `haxe`),Haxe;haxe,highlight.js' maintainers (the test's directory: a language id),highlight.js@fc3f063,,,,in-linguist,programming,test/detect/haxe/default.txt
hljs:bf3a9f239965,gold,,403bdfee3047200e8cd9477305d14b60a841269e,,swh:1:cnt:403bdfee3047200e8cd9477305d14b60a841269e;origin=https://github.com/highlightjs/highlight.js;path=/test/detect/hsp/default.txt,HSP,HSP (highlight.js `hsp`),HSP;hsp,highlight.js' maintainers (the test's directory: a language id),highlight.js@fc3f063,,,,not-in-linguist,,test/detect/hsp/default.txt
hljs:dec969dc4931,gold,,38e93f3cabcf30eadabe1ba30f8a169ca165654f,,swh:1:cnt:38e93f3cabcf30eadabe1ba30f8a169ca165654f;origin=https://github.com/highlightjs/highlight.js;path=/test/detect/http/default.txt,HTTP,HTTP (highlight.js `http`),HTTP;http,highlight.js' maintainers (the test's directory: a language id),highlight.js@fc3f063,,,,in-linguist,data,test/detect/http/default.txt
hljs:8b88357a8a90,gold,,769991dbcc3028b1a71174331fb026a330fb73ea,,swh:1:cnt:769991dbcc3028b1a71174331fb026a330fb73ea;origin=https://github.com/highlightjs/highlight.js;path=/test/detect/hy/default.txt,Hy,Hy (highlight.js `hy`),Hy;hylang;hy,highlight.js' maintainers (the test's directory: a language id),highlight.js@fc3f063,,,,in-linguist,programming,test/detect/hy/default.txt
hljs:daade01eebe7,gold,,5c16a694a1e0a5d970b709044df3a7618006c7a7,,swh:1:cnt:5c16a694a1e0a5d970b709044df3a7618006c7a7;origin=https://github.com/highlightjs/highlight.js;path=/test/detect/inform7/default.txt,Inform 7,Inform 7 (highlight.js `inform7`),Inform 7;i7;inform7,highlight.js' maintainers (the test's directory: a language id),highlight.js@fc3f063,,,,in-linguist,programming,test/detect/inform7/default.txt
hljs:3b97e7ee5397,gold,,03a5c29720a52f034d69842ac67b85e8b062d5d0,,swh:1:cnt:03a5c29720a52f034d69842ac67b85e8b062d5d0;origin=https://github.com/highlightjs/highlight.js;path=/test/detect/ini/default.txt,INI,"TOML, also INI (highlight.js `ini`)","INI;TOML;conf;dosini;TOML, also INI;ini",highlight.js' maintainers (the test's directory: a language id),highlight.js@fc3f063,,,,in-linguist,data,test/detect/ini/default.txt
hljs:f4966c83e641,gold,,e3619cd55126b1bdc2c6e09811ab16a0c6ed0e7a,,swh:1:cnt:e3619cd55126b1bdc2c6e09811ab16a0c6ed0e7a;origin=https://github.com/highlightjs/highlight.js;path=/test/detect/irpf90/default.txt,IRPF90,IRPF90 (highlight.js `irpf90`),IRPF90;irpf90,highlight.js' maintainers (the test's directory: a language id),highlight.js@fc3f063,,,,not-in-linguist,,test/detect/irpf90/default.txt
hljs:32ab05bb7ab0,gold,,af8272b08df9f7447e9897365305daf36cbbe1bf,,swh:1:cnt:af8272b08df9f7447e9897365305daf36cbbe1bf;origin=https://github.com/highlightjs/highlight.js;path=/test/detect/isbl/default.txt,ISBL,ISBL (highlight.js `isbl`),ISBL;isbl,highlight.js' maintainers (the test's directory: a language id),highlight.js@fc3f063,,,,not-in-linguist,,test/detect/isbl/default.txt
hljs:a5dd868ccdc8,gold,,0f72512bf87fdf5c4de466e13d166a4334699825,,swh:1:cnt:0f72512bf87fdf5c4de466e13d166a4334699825;origin=https://github.com/highlightjs/highlight.js;path=/test/detect/java/default.txt,Java,Java (highlight.js `java`),Java;java,highlight.js' maintainers (the test's directory: a language id),highlight.js@fc3f063,,,,in-linguist,programming,test/detect/java/default.txt
hljs:da95f300dd3e,gold,,faadab87fc26b9a08d16060426bf5e187cf5d13e,,swh:1:cnt:faadab87fc26b9a08d16060426bf5e187cf5d13e;origin=https://github.com/highlightjs/highlight.js;path=/test/detect/javascript/default.txt,JavaScript,JavaScript (highlight.js `javascript`),JavaScript;js;node;javascript,highlight.js' maintainers (the test's directory: a language id),highlight.js@fc3f063,,,,in-linguist,programming,test/detect/javascript/default.txt
hljs:51838aeafa6b,gold,,8ace8d51793b13f8f6ae1b0037044a90e276187a,,swh:1:cnt:8ace8d51793b13f8f6ae1b0037044a90e276187a;origin=https://github.com/highlightjs/highlight.js;path=/test/detect/javascript/sample1.txt,JavaScript,JavaScript (highlight.js `javascript`),JavaScript;js;node;javascript,highlight.js' maintainers (the test's directory: a language id),highlight.js@fc3f063,,,,in-linguist,programming,test/detect/javascript/sample1.txt
hljs:32315eb269a1,gold,,3ea3caf383355a435de0c043f587727c76d5ea7d,,swh:1:cnt:3ea3caf383355a435de0c043f587727c76d5ea7d;origin=https://github.com/highlightjs/highlight.js;path=/test/detect/javascript/short-plain.txt,JavaScript,JavaScript (highlight.js `javascript`),JavaScript;js;node;javascript,highlight.js' maintainers (the test's directory: a language id),highlight.js@fc3f063,,,,in-linguist,programming,test/detect/javascript/short-plain.txt
hljs:48aa9a4e8a57,gold,,5df733fe54cf27a15a4dc00f162b46e58fd045a8,,swh:1:cnt:5df733fe54cf27a15a4dc00f162b46e58fd045a8;origin=https://github.com/highlightjs/highlight.js;path=/test/detect/jboss-cli/default.txt,JBoss CLI,JBoss CLI (highlight.js `jboss-cli`),JBoss CLI;jboss-cli,highlight.js' maintainers (the test's directory: a language id),highlight.js@fc3f063,,,,not-in-linguist,,test/detect/jboss-cli/default.txt
hljs:94eac2505e31,gold,,9710b2289227c1c546d349dd43ee29e6831bcccf,,swh:1:cnt:9710b2289227c1c546d349dd43ee29e6831bcccf;origin=https://github.com/highlightjs/highlight.js;path=/test/detect/json/default.txt,JSON,JSON (highlight.js `json`),JSON;geojson;jsonl;sarif;topojson;json,highlight.js' maintainers (the test's directory: a language id),highlight.js@fc3f063,,,,in-linguist,data,test/detect/json/default.txt
hljs:6670fc6c2afe,gold,,6f9bb036b0de8897761bb35d041fa197be4b0eeb,,swh:1:cnt:6f9bb036b0de8897761bb35d041fa197be4b0eeb;origin=https://github.com/highlightjs/highlight.js;path=/test/detect/json5/default.txt,JSON5,json5 (highlight.js `json5`),JSON5;json5,highlight.js' maintainers (the test's directory: a language id),highlight.js@fc3f063,,,,in-linguist,data,test/detect/json5/default.txt
hljs:31bea9599ad6,gold,,d7ffa8c9e8c3915d78c777902c86607ad6174930,,swh:1:cnt:d7ffa8c9e8c3915d78c777902c86607ad6174930;origin=https://github.com/highlightjs/highlight.js;path=/test/detect/julia-repl/default.txt,Julia REPL,Julia REPL (highlight.js `julia-repl`),Julia REPL;julia-repl,highlight.js' maintainers (the test's directory: a language id),highlight.js@fc3f063,,,,in-linguist,programming,test/detect/julia-repl/default.txt
hljs:4d7d605bb1a4,gold,,a20262df031e0fb38331573c638356b25b4bcf82,,swh:1:cnt:a20262df031e0fb38331573c638356b25b4bcf82;origin=https://github.com/highlightjs/highlight.js;path=/test/detect/julia/default.txt,Julia,Julia (highlight.js `julia`),Julia;julia,highlight.js' maintainers (the test's directory: a language id),highlight.js@fc3f063,,,,in-linguist,programming,test/detect/julia/default.txt
hljs:bfe45c640ca3,gold,,91efa92cb3e91f9d7a286ce12316e248382b85b2,,swh:1:cnt:91efa92cb3e91f9d7a286ce12316e248382b85b2;origin=https://github.com/highlightjs/highlight.js;path=/test/detect/kotlin/default.txt,Kotlin,Kotlin (highlight.js `kotlin`),Kotlin;kotlin,highlight.js' maintainers (the test's directory: a language id),highlight.js@fc3f063,,,,in-linguist,programming,test/detect/kotlin/default.txt
hljs:df3e8b1c7cd2,gold,,64057a3d7ca206a9d1bd1ddeb309d3056b05dc28,,swh:1:cnt:64057a3d7ca206a9d1bd1ddeb309d3056b05dc28;origin=https://github.com/highlightjs/highlight.js;path=/test/detect/lasso/default.txt,Lasso,Lasso (highlight.js `lasso`),Lasso;lassoscript;lasso,highlight.js' maintainers (the test's directory: a language id),highlight.js@fc3f063,,,,in-linguist,programming,test/detect/lasso/default.txt
hljs:e8de422f5988,gold,,84156cde112aef65f2aa9867726b7b9a6c671434,,swh:1:cnt:84156cde112aef65f2aa9867726b7b9a6c671434;origin=https://github.com/highlightjs/highlight.js;path=/test/detect/latex/default.txt,TeX,LaTeX (highlight.js `latex`),TeX;latex;LaTeX,highlight.js' maintainers (the test's directory: a language id),highlight.js@fc3f063,,,,in-linguist,markup,test/detect/latex/default.txt
hljs:fdd9c5a7c648,gold,,983da16817ea6530a632d38544c82c73d97b0255,,swh:1:cnt:983da16817ea6530a632d38544c82c73d97b0255;origin=https://github.com/highlightjs/highlight.js;path=/test/detect/ldif/default.txt,LDIF,LDIF (highlight.js `ldif`),LDIF;ldif,highlight.js' maintainers (the test's directory: a language id),highlight.js@fc3f063,,,,not-in-linguist,,test/detect/ldif/default.txt
hljs:4fab5ad030f7,gold,,3b643511ba72ae0cc1f093b7f0a3cd6c5a7c7abd,,swh:1:cnt:3b643511ba72ae0cc1f093b7f0a3cd6c5a7c7abd;origin=https://github.com/highlightjs/highlight.js;path=/test/detect/leaf/default.txt,Leaf,Leaf (highlight.js `leaf`),Leaf;leaf,highlight.js' maintainers (the test's directory: a language id),highlight.js@fc3f063,,,,not-in-linguist,,test/detect/leaf/default.txt
hljs:42e412bb7389,gold,,ce100f7dcab0bec9065a2bf8bc34ffa84582b443,,swh:1:cnt:ce100f7dcab0bec9065a2bf8bc34ffa84582b443;origin=https://github.com/highlightjs/highlight.js;path=/test/detect/less/default.txt,Less,Less (highlight.js `less`),Less;less-css;less,highlight.js' maintainers (the test's directory: a language id),highlight.js@fc3f063,,,,in-linguist,markup,test/detect/less/default.txt
hljs:da2369cd8a48,gold,,949a30a3ec2e7338915e30c6d22a7c8317e917cb,,swh:1:cnt:949a30a3ec2e7338915e30c6d22a7c8317e917cb;origin=https://github.com/highlightjs/highlight.js;path=/test/detect/lisp/default.txt,Common Lisp,Lisp (highlight.js `lisp`),Common Lisp;lisp;Lisp,highlight.js' maintainers (the test's directory: a language id),highlight.js@fc3f063,,,,in-linguist,programming,test/detect/lisp/default.txt
hljs:124ec867854b,gold,,8c04e63ec2d80ab7843ab08ceb2e69db6e443280,,swh:1:cnt:8c04e63ec2d80ab7843ab08ceb2e69db6e443280;origin=https://github.com/highlightjs/highlight.js;path=/test/detect/livecodeserver/default.txt,LiveCode Script,LiveCode (highlight.js `livecodeserver`),LiveCode Script;LiveCode;livecodeserver,highlight.js' maintainers (the test's directory: a language id),highlight.js@fc3f063,,,,in-linguist,programming,test/detect/livecodeserver/default.txt
hljs:ac0d7837dec6,gold,,d7cb8f42c45e86e5ba1f477141ccc5818a3b179b,,swh:1:cnt:d7cb8f42c45e86e5ba1f477141ccc5818a3b179b;origin=https://github.com/highlightjs/highlight.js;path=/test/detect/livescript/default.txt,LiveScript,LiveScript (highlight.js `livescript`),LiveScript;live-script;ls;livescript,highlight.js' maintainers (the test's directory: a language id),highlight.js@fc3f063,,,,in-linguist,programming,test/detect/livescript/default.txt
hljs:c4288fadcef5,gold,,ac4cd237c122aae1513de13937ca2008e04b57f2,,swh:1:cnt:ac4cd237c122aae1513de13937ca2008e04b57f2;origin=https://github.com/highlightjs/highlight.js;path=/test/detect/llvm/default.txt,LLVM,LLVM IR (highlight.js `llvm`),LLVM;LLVM IR;llvm,highlight.js' maintainers (the test's directory: a language id),highlight.js@fc3f063,,,,in-linguist,programming,test/detect/llvm/default.txt
hljs:d5a1fe01ec6d,gold,,f9784707c4ad792b8e29ae06a4caa886baa82f26,,swh:1:cnt:f9784707c4ad792b8e29ae06a4caa886baa82f26;origin=https://github.com/highlightjs/highlight.js;path=/test/detect/lsl/default.txt,LSL,LSL (Linden Scripting Language) (highlight.js `lsl`),LSL;LSL (Linden Scripting Language);lsl,highlight.js' maintainers (the test's directory: a language id),highlight.js@fc3f063,,,,in-linguist,programming,test/detect/lsl/default.txt
hljs:1ca9b680cd54,gold,,58174ee6bc2e175d6a73c9a816ecbce4cd2181f2,,swh:1:cnt:58174ee6bc2e175d6a73c9a816ecbce4cd2181f2;origin=https://github.com/highlightjs/highlight.js;path=/test/detect/lua/default.txt,Lua,Lua (highlight.js `lua`),Lua;lua,highlight.js' maintainers (the test's directory: a language id),highlight.js@fc3f063,,,,in-linguist,programming,test/detect/lua/default.txt
hljs:ca5ed845e0bc,gold,,cd1ec79d5e7c07e11fbe216451aea4ec4acda1a5,,swh:1:cnt:cd1ec79d5e7c07e11fbe216451aea4ec4acda1a5;origin=https://github.com/highlightjs/highlight.js;path=/test/detect/makefile/default.txt,Makefile,Makefile (highlight.js `makefile`),Makefile;bsdmake;make;mf;makefile,highlight.js' maintainers (the test's directory: a language id),highlight.js@fc3f063,,,,in-linguist,programming,test/detect/makefile/default.txt
hljs:9ed420c76608,gold,,8b02f1e15a1f6113b99d45627cb5bd58238142c2,,swh:1:cnt:8b02f1e15a1f6113b99d45627cb5bd58238142c2;origin=https://github.com/highlightjs/highlight.js;path=/test/detect/markdown/default.txt,Markdown,Markdown (highlight.js `markdown`),Markdown;md;pandoc;markdown,highlight.js' maintainers (the test's directory: a language id),highlight.js@fc3f063,,,,in-linguist,prose,test/detect/markdown/default.txt
hljs:93faea209e52,gold,,04243a4ab2e6fe0d6f6f9dd16cc76743a9b2b7b3,,swh:1:cnt:04243a4ab2e6fe0d6f6f9dd16cc76743a9b2b7b3;origin=https://github.com/highlightjs/highlight.js;path=/test/detect/mathematica/default.txt,Wolfram Language,Wolfram Language (highlight.js `mathematica`),Wolfram Language;mathematica;mma;wolfram;wolfram lang;wl;Mathematica,highlight.js' maintainers (the test's directory: a language id),highlight.js@fc3f063,,,,in-linguist,programming,test/detect/mathematica/default.txt
hljs:359e5277d220,gold,,81fa7175d99dc33171f3e48e727906e15598d9e7,,swh:1:cnt:81fa7175d99dc33171f3e48e727906e15598d9e7;origin=https://github.com/highlightjs/highlight.js;path=/test/detect/matlab/default.txt,MATLAB,Matlab (highlight.js `matlab`),MATLAB;octave;Matlab;matlab,highlight.js' maintainers (the test's directory: a language id),highlight.js@fc3f063,,,,in-linguist,programming,test/detect/matlab/default.txt
hljs:6036e225bdd6,gold,,6db85168a81d048a683924c373c39c726f6037cd,,swh:1:cnt:6db85168a81d048a683924c373c39c726f6037cd;origin=https://github.com/highlightjs/highlight.js;path=/test/detect/maxima/default.txt,Maxima,Maxima (highlight.js `maxima`),Maxima;maxima,highlight.js' maintainers (the test's directory: a language id),highlight.js@fc3f063,,,,not-in-linguist,,test/detect/maxima/default.txt
hljs:6b2167714cec,gold,,d8abe7e9e2036ed4f9a306fdeb4468ca6689e23e,,swh:1:cnt:d8abe7e9e2036ed4f9a306fdeb4468ca6689e23e;origin=https://github.com/highlightjs/highlight.js;path=/test/detect/mel/default.txt,MEL,MEL (highlight.js `mel`),MEL;mel,highlight.js' maintainers (the test's directory: a language id),highlight.js@fc3f063,,,,not-in-linguist,,test/detect/mel/default.txt
hljs:74481ffcd6e7,gold,,10aa1732bd6869f153963e8f3b8bece33dcb6ff9,,swh:1:cnt:10aa1732bd6869f153963e8f3b8bece33dcb6ff9;origin=https://github.com/highlightjs/highlight.js;path=/test/detect/mercury/default.txt,Mercury,Mercury (highlight.js `mercury`),Mercury;mercury,highlight.js' maintainers (the test's directory: a language id),highlight.js@fc3f063,,,,in-linguist,programming,test/detect/mercury/default.txt
hljs:b18b1ca07cba,gold,,d30bd8565ce495857b7b5309943761325972bb86,,swh:1:cnt:d30bd8565ce495857b7b5309943761325972bb86;origin=https://github.com/highlightjs/highlight.js;path=/test/detect/mipsasm/default.txt,MIPS Assembly,MIPS Assembly (highlight.js `mipsasm`),MIPS Assembly;mipsasm,highlight.js' maintainers (the test's directory: a language id),highlight.js@fc3f063,,,,not-in-linguist,,test/detect/mipsasm/default.txt
hljs:c90515cb1707,gold,,87b2d993c8e7cc0be0c4c8bdea13efaec4aa9a25,,swh:1:cnt:87b2d993c8e7cc0be0c4c8bdea13efaec4aa9a25;origin=https://github.com/highlightjs/highlight.js;path=/test/detect/mizar/default.txt,Mizar,Mizar (highlight.js `mizar`),Mizar;mizar,highlight.js' maintainers (the test's directory: a language id),highlight.js@fc3f063,,,,not-in-linguist,,test/detect/mizar/default.txt
hljs:c188ba4ef46f,gold,,2cd9426f3e4b5ba6d37a1b46c2161841317b5da8,,swh:1:cnt:2cd9426f3e4b5ba6d37a1b46c2161841317b5da8;origin=https://github.com/highlightjs/highlight.js;path=/test/detect/mojolicious/default.txt,Mojolicious,Mojolicious (highlight.js `mojolicious`),Mojolicious;mojolicious,highlight.js' maintainers (the test's directory: a language id),highlight.js@fc3f063,,,,not-in-linguist,,test/detect/mojolicious/default.txt
hljs:2b6f56912866,gold,,4db94a751fd7b0bd21037f09dc99720561680c6f,,swh:1:cnt:4db94a751fd7b0bd21037f09dc99720561680c6f;origin=https://github.com/highlightjs/highlight.js;path=/test/detect/monkey/default.txt,Monkey,Monkey (highlight.js `monkey`),Monkey;monkey,highlight.js' maintainers (the test's directory: a language id),highlight.js@fc3f063,,,,in-linguist,programming,test/detect/monkey/default.txt
hljs:748cdb448d85,gold,,8d455d47717b8a2ee36e7dd587396eff01f1b771,,swh:1:cnt:8d455d47717b8a2ee36e7dd587396eff01f1b771;origin=https://github.com/highlightjs/highlight.js;path=/test/detect/moonscript/default.txt,MoonScript,MoonScript (highlight.js `moonscript`),MoonScript;moonscript,highlight.js' maintainers (the test's directory: a language id),highlight.js@fc3f063,,,,in-linguist,programming,test/detect/moonscript/default.txt
hljs:835732d30b32,gold,,8c26f53cbf2342ca8b0a43e367da5035dd6783aa,,swh:1:cnt:8c26f53cbf2342ca8b0a43e367da5035dd6783aa;origin=https://github.com/highlightjs/highlight.js;path=/test/detect/n1ql/default.txt,N1QL,N1QL (highlight.js `n1ql`),N1QL;n1ql,highlight.js' maintainers (the test's directory: a language id),highlight.js@fc3f063,,,,not-in-linguist,,test/detect/n1ql/default.txt
hljs:2305b5f0a23d,gold,,f9ad47854ead6408952005e8f6f56524a94bf559,,swh:1:cnt:f9ad47854ead6408952005e8f6f56524a94bf559;origin=https://github.com/highlightjs/highlight.js;path=/test/detect/nestedtext/default.txt,Nested Text,NestedText (highlight.js `nestedtext`),Nested Text;NestedText;nestedtext,highlight.js' maintainers (the test's directory: a language id),highlight.js@fc3f063,,,,not-in-linguist,,test/detect/nestedtext/default.txt
hljs:45796eb1986d,gold,,adf4b7e92e649df7fdb6a2077b78bd9fc7f52b22,,swh:1:cnt:adf4b7e92e649df7fdb6a2077b78bd9fc7f52b22;origin=https://github.com/highlightjs/highlight.js;path=/test/detect/nginx/default.txt,Nginx,Nginx config (highlight.js `nginx`),Nginx;nginx configuration file;Nginx config;nginx,highlight.js' maintainers (the test's directory: a language id),highlight.js@fc3f063,,,,in-linguist,data,test/detect/nginx/default.txt
hljs:0a6085a0322b,gold,,32cb9cc16f08bafea7d2e885762a1a478cfd1c1b,,swh:1:cnt:32cb9cc16f08bafea7d2e885762a1a478cfd1c1b;origin=https://github.com/highlightjs/highlight.js;path=/test/detect/nim/default.txt,Nim,Nim (highlight.js `nim`),Nim;nim,highlight.js' maintainers (the test's directory: a language id),highlight.js@fc3f063,,,,in-linguist,programming,test/detect/nim/default.txt
hljs:d16c438f0f23,gold,,ae8b8f75312b89811c0fdb726eb00c6df7f3c119,,swh:1:cnt:ae8b8f75312b89811c0fdb726eb00c6df7f3c119;origin=https://github.com/highlightjs/highlight.js;path=/test/detect/nix/default.txt,Nix,Nix (highlight.js `nix`),Nix;nixos;nix,highlight.js' maintainers (the test's directory: a language id),highlight.js@fc3f063,,,,in-linguist,programming,test/detect/nix/default.txt
hljs:6a0dc7c120ca,gold,,b6e228cf3d542aab70f8f94a55952fafddb6568b,,swh:1:cnt:b6e228cf3d542aab70f8f94a55952fafddb6568b;origin=https://github.com/highlightjs/highlight.js;path=/test/detect/nsis/default.txt,NSIS,NSIS (highlight.js `nsis`),NSIS;nsis,highlight.js' maintainers (the test's directory: a language id),highlight.js@fc3f063,,,,in-linguist,programming,test/detect/nsis/default.txt
hljs:57f9bf1557b6,gold,,00c938bc98dd27fb09899967d901433d6c46313e,,swh:1:cnt:00c938bc98dd27fb09899967d901433d6c46313e;origin=https://github.com/highlightjs/highlight.js;path=/test/detect/objectivec/default.txt,Objective-C,Objective-C (highlight.js `objectivec`),Objective-C;obj-c;objc;objectivec,highlight.js' maintainers (the test's directory: a language id),highlight.js@fc3f063,,,,in-linguist,programming,test/detect/objectivec/default.txt
hljs:164d018e4b31,gold,,60d199c9866824f2d544cb43db149f926cd052dd,,swh:1:cnt:60d199c9866824f2d544cb43db149f926cd052dd;origin=https://github.com/highlightjs/highlight.js;path=/test/detect/ocaml/default.txt,OCaml,OCaml (highlight.js `ocaml`),OCaml;ocaml,highlight.js' maintainers (the test's directory: a language id),highlight.js@fc3f063,,,,in-linguist,programming,test/detect/ocaml/default.txt
hljs:76f6d1810148,gold,,859774f48fd8e549eaba064fbb5d3008af929da2,,swh:1:cnt:859774f48fd8e549eaba064fbb5d3008af929da2;origin=https://github.com/highlightjs/highlight.js;path=/test/detect/odin/default.txt,Odin,Odin (highlight.js `odin`),Odin;odinlang;odin-lang;odin,highlight.js' maintainers (the test's directory: a language id),highlight.js@fc3f063,,,,in-linguist,programming,test/detect/odin/default.txt
hljs:0ba3ead7ea8e,gold,,706ee131971771363c3b87eafedd613e4a73cee2,,swh:1:cnt:706ee131971771363c3b87eafedd613e4a73cee2;origin=https://github.com/highlightjs/highlight.js;path=/test/detect/openscad/default.txt,OpenSCAD,OpenSCAD (highlight.js `openscad`),OpenSCAD;openscad,highlight.js' maintainers (the test's directory: a language id),highlight.js@fc3f063,,,,in-linguist,programming,test/detect/openscad/default.txt
hljs:17e9aefc3fe2,gold,,49b337b6fa933eac7675a3a60d5c67c4330b7204,,swh:1:cnt:49b337b6fa933eac7675a3a60d5c67c4330b7204;origin=https://github.com/highlightjs/highlight.js;path=/test/detect/oxygene/default.txt,Oxygene,Oxygene (highlight.js `oxygene`),Oxygene;oxygene,highlight.js' maintainers (the test's directory: a language id),highlight.js@fc3f063,,,,in-linguist,programming,test/detect/oxygene/default.txt
hljs:1da01c583b77,gold,,65374a396ffc6d12539b666b18ae9da6506e73b0,,swh:1:cnt:65374a396ffc6d12539b666b18ae9da6506e73b0;origin=https://github.com/highlightjs/highlight.js;path=/test/detect/parser3/default.txt,Parser3,Parser3 (highlight.js `parser3`),Parser3;parser3,highlight.js' maintainers (the test's directory: a language id),highlight.js@fc3f063,,,,not-in-linguist,,test/detect/parser3/default.txt
hljs:c3312e6561c3,gold,,3b08442d07b5d7c874f6d317f08a1bde834e092a,,swh:1:cnt:3b08442d07b5d7c874f6d317f08a1bde834e092a;origin=https://github.com/highlightjs/highlight.js;path=/test/detect/perl/default.txt,Perl,Perl (highlight.js `perl`),Perl;cperl;perl,highlight.js' maintainers (the test's directory: a language id),highlight.js@fc3f063,,,,in-linguist,programming,test/detect/perl/default.txt
hljs:721d2b289a77,gold,,3fc2e6311e963550b9ebea6468d72ece5c2ff2b8,,swh:1:cnt:3fc2e6311e963550b9ebea6468d72ece5c2ff2b8;origin=https://github.com/highlightjs/highlight.js;path=/test/detect/pf/default.txt,Packet Filter config,Packet Filter config (highlight.js `pf`),Packet Filter config;pf,highlight.js' maintainers (the test's directory: a language id),highlight.js@fc3f063,,,,not-in-linguist,,test/detect/pf/default.txt
hljs:559e2fd96b6b,gold,,d79dd71f2fc22a45df0a7f0e00db97e6be926c60,,swh:1:cnt:d79dd71f2fc22a45df0a7f0e00db97e6be926c60;origin=https://github.com/highlightjs/highlight.js;path=/test/detect/pgsql/default.txt,PLpgSQL,PostgreSQL and PL/pgSQL (highlight.js `pgsql`),PLpgSQL;PostgreSQL;PostgreSQL and PL/pgSQL;pgsql,highlight.js' maintainers (the test's directory: a language id),highlight.js@fc3f063,,,,in-linguist,programming,test/detect/pgsql/default.txt
hljs:5fd80a358ede,gold,,d01ad4a7913956cae57c66ca425684c39065e5e4,,swh:1:cnt:d01ad4a7913956cae57c66ca425684c39065e5e4;origin=https://github.com/highlightjs/highlight.js;path=/test/detect/php-template/default.txt,HTML+PHP,PHP Template (highlight.js `php-template`),HTML+PHP;PHP template;PHP Template;php-template,highlight.js' maintainers (the test's directory: a language id),highlight.js@fc3f063,,,,in-linguist,markup,test/detect/php-template/default.txt
hljs:8c6bf2978698,gold,,54a9edc6240650aed20eb9c948c73ca2d5fe8ca5,,swh:1:cnt:54a9edc6240650aed20eb9c948c73ca2d5fe8ca5;origin=https://github.com/highlightjs/highlight.js;path=/test/detect/php/default.txt,PHP,PHP (highlight.js `php`),PHP;inc;php,highlight.js' maintainers (the test's directory: a language id),highlight.js@fc3f063,,,,in-linguist,programming,test/detect/php/default.txt
hljs:12894d940c4d,gold,,6093dcaa53de64cfa754b7b20830259d5b66edb8,,swh:1:cnt:6093dcaa53de64cfa754b7b20830259d5b66edb8;origin=https://github.com/highlightjs/highlight.js;path=/test/detect/pony/default.txt,Pony,Pony (highlight.js `pony`),Pony;pony,highlight.js' maintainers (the test's directory: a language id),highlight.js@fc3f063,,,,in-linguist,programming,test/detect/pony/default.txt
hljs:4920154d9f32,gold,,9aca1ac4c456f02d66ab6cf66d7d550ee8c7f208,,swh:1:cnt:9aca1ac4c456f02d66ab6cf66d7d550ee8c7f208;origin=https://github.com/highlightjs/highlight.js;path=/test/detect/powershell/default.txt,PowerShell,PowerShell (highlight.js `powershell`),PowerShell;posh;pwsh;powershell,highlight.js' maintainers (the test's directory: a language id),highlight.js@fc3f063,,,,in-linguist,programming,test/detect/powershell/default.txt
hljs:50110a1859f5,gold,,de894d9af3959b315dbc6f4b99b5752026ca0734,,swh:1:cnt:de894d9af3959b315dbc6f4b99b5752026ca0734;origin=https://github.com/highlightjs/highlight.js;path=/test/detect/processing/default.txt,Processing,Processing (highlight.js `processing`),Processing;processing,highlight.js' maintainers (the test's directory: a language id),highlight.js@fc3f063,,,,in-linguist,programming,test/detect/processing/default.txt
hljs:f6416aa4ebc8,gold,,57b453b4d6cc6e3b592152cd1a105d9ac9fdad8e,,swh:1:cnt:57b453b4d6cc6e3b592152cd1a105d9ac9fdad8e;origin=https://github.com/highlightjs/highlight.js;path=/test/detect/prolog/default.txt,Prolog,Prolog (highlight.js `prolog`),Prolog;prolog,highlight.js' maintainers (the test's directory: a language id),highlight.js@fc3f063,,,,in-linguist,programming,test/detect/prolog/default.txt
hljs:11b4d11f9c9b,gold,,67e485065e2ea16ab130e75b5920976eb8ba4858,,swh:1:cnt:67e485065e2ea16ab130e75b5920976eb8ba4858;origin=https://github.com/highlightjs/highlight.js;path=/test/detect/properties/default.txt,Java Properties,.properties (highlight.js `properties`),Java Properties;.properties;properties,highlight.js' maintainers (the test's directory: a language id),highlight.js@fc3f063,,,,in-linguist,data,test/detect/properties/default.txt
hljs:8e701b05d6b1,gold,,c10fcfe11ccb340f4ba30e1db20dd7b4e1ece8db,,swh:1:cnt:c10fcfe11ccb340f4ba30e1db20dd7b4e1ece8db;origin=https://github.com/highlightjs/highlight.js;path=/test/detect/protobuf/default.txt,Protocol Buffer,Protocol Buffers (highlight.js `protobuf`),Protocol Buffer;proto;protobuf;Protocol Buffers,highlight.js' maintainers (the test's directory: a language id),highlight.js@fc3f063,,,,in-linguist,data,test/detect/protobuf/default.txt
hljs:ec06e3edcb35,gold,,7f22820b8b888de4af5dad23415dbd60511aed33,,swh:1:cnt:7f22820b8b888de4af5dad23415dbd60511aed33;origin=https://github.com/highlightjs/highlight.js;path=/test/detect/puppet/default.txt,Puppet,Puppet (highlight.js `puppet`),Puppet;puppet,highlight.js' maintainers (the test's directory: a language id),highlight.js@fc3f063,,,,in-linguist,programming,test/detect/puppet/default.txt
hljs:ffc80ad04daf,gold,,b722b550dcb54a0b623eea978843564e40d63bff,,swh:1:cnt:b722b550dcb54a0b623eea978843564e40d63bff;origin=https://github.com/highlightjs/highlight.js;path=/test/detect/purebasic/default.txt,PureBasic,PureBASIC (highlight.js `purebasic`),PureBasic;PureBASIC;purebasic,highlight.js' maintainers (the test's directory: a language id),highlight.js@fc3f063,,,,in-linguist,programming,test/detect/purebasic/default.txt
hljs:42d8e15b9369,gold,,b37d31c482239d5d5c2e35d04f14af5b4b28a9be,,swh:1:cnt:b37d31c482239d5d5c2e35d04f14af5b4b28a9be;origin=https://github.com/highlightjs/highlight.js;path=/test/detect/python-repl/default.txt,Python console,Python REPL (highlight.js `python-repl`),Python console;pycon;python-repl;Python REPL,highlight.js' maintainers (the test's directory: a language id),highlight.js@fc3f063,,,,in-linguist,programming,test/detect/python-repl/default.txt
hljs:1fd09916636a,gold,,17811a2d23f64c41de0483819662100a01978426,,swh:1:cnt:17811a2d23f64c41de0483819662100a01978426;origin=https://github.com/highlightjs/highlight.js;path=/test/detect/python/default.txt,Python,Python (highlight.js `python`),Python;py;py3;python3;rusthon;python,highlight.js' maintainers (the test's directory: a language id),highlight.js@fc3f063,,,,in-linguist,programming,test/detect/python/default.txt
hljs:3ca55a7747a0,gold,,6e9e3d90182bbe4b65651f85c5c6e88f9a68ba17,,swh:1:cnt:6e9e3d90182bbe4b65651f85c5c6e88f9a68ba17;origin=https://github.com/highlightjs/highlight.js;path=/test/detect/q/default.txt,q,Q (highlight.js `q`),q;Q,highlight.js' maintainers (the test's directory: a language id),highlight.js@fc3f063,,,,in-linguist,programming,test/detect/q/default.txt
hljs:aca8b237983a,gold,,79a888c1c62b79738fcd550a89d857adf40f3150,,swh:1:cnt:79a888c1c62b79738fcd550a89d857adf40f3150;origin=https://github.com/highlightjs/highlight.js;path=/test/detect/qml/default.txt,QML,QML (highlight.js `qml`),QML;qml,highlight.js' maintainers (the test's directory: a language id),highlight.js@fc3f063,,,,in-linguist,programming,test/detect/qml/default.txt
hljs:ea55c23f8ef2,gold,,803b87e429768445d97a237f69f41486765fe9f0,,swh:1:cnt:803b87e429768445d97a237f69f41486765fe9f0;origin=https://github.com/highlightjs/highlight.js;path=/test/detect/r/default.txt,R,R (highlight.js `r`),R;Rscript;splus;r,highlight.js' maintainers (the test's directory: a language id),highlight.js@fc3f063,,,,in-linguist,programming,test/detect/r/default.txt
hljs:d2af007d7a80,gold,,27fb81f717b02e9faa2fc1a6d7405f505e1cd43e,,swh:1:cnt:27fb81f717b02e9faa2fc1a6d7405f505e1cd43e;origin=https://github.com/highlightjs/highlight.js;path=/test/detect/reasonml/default.txt,Reason,ReasonML (highlight.js `reasonml`),Reason;ReasonML;reasonml,highlight.js' maintainers (the test's directory: a language id),highlight.js@fc3f063,,,,in-linguist,programming,test/detect/reasonml/default.txt
hljs:bac5a994a886,gold,,ff23469d29660d45ebf75fa248348526563e99f0,,swh:1:cnt:ff23469d29660d45ebf75fa248348526563e99f0;origin=https://github.com/highlightjs/highlight.js;path=/test/detect/rib/default.txt,RenderMan RIB,RenderMan RIB (highlight.js `rib`),RenderMan RIB;rib,highlight.js' maintainers (the test's directory: a language id),highlight.js@fc3f063,,,,not-in-linguist,,test/detect/rib/default.txt
hljs:94f68ba967c9,gold,,23c7a848f907fb7e41563ce5381e592d7d40cc85,,swh:1:cnt:23c7a848f907fb7e41563ce5381e592d7d40cc85;origin=https://github.com/highlightjs/highlight.js;path=/test/detect/roboconf/default.txt,Roboconf,Roboconf (highlight.js `roboconf`),Roboconf;roboconf,highlight.js' maintainers (the test's directory: a language id),highlight.js@fc3f063,,,,not-in-linguist,,test/detect/roboconf/default.txt
hljs:614e3eb9424d,gold,,0c364ae761de1d8f889a9170df4cf8393fef62e1,,swh:1:cnt:0c364ae761de1d8f889a9170df4cf8393fef62e1;origin=https://github.com/highlightjs/highlight.js;path=/test/detect/routeros/default.txt,RouterOS Script,MikroTik RouterOS script (highlight.js `routeros`),RouterOS Script;MikroTik RouterOS script;routeros,highlight.js' maintainers (the test's directory: a language id),highlight.js@fc3f063,,,,in-linguist,programming,test/detect/routeros/default.txt
hljs:9f40eadef412,gold,,3cc4a0f4e4e42dc9f54fcada71bac91e03e78d5e,,swh:1:cnt:3cc4a0f4e4e42dc9f54fcada71bac91e03e78d5e;origin=https://github.com/highlightjs/highlight.js;path=/test/detect/rsl/default.txt,RenderMan RSL,RenderMan RSL (highlight.js `rsl`),RenderMan RSL;rsl,highlight.js' maintainers (the test's directory: a language id),highlight.js@fc3f063,,,,not-in-linguist,,test/detect/rsl/default.txt
hljs:2f87d5e3fbba,gold,,07282ae0efb2a011f6361d2b0fa88fbd466d919f,,swh:1:cnt:07282ae0efb2a011f6361d2b0fa88fbd466d919f;origin=https://github.com/highlightjs/highlight.js;path=/test/detect/ruby/default.txt,Ruby,Ruby (highlight.js `ruby`),Ruby;jruby;macruby;rake;rb;rbx;ruby,highlight.js' maintainers (the test's directory: a language id),highlight.js@fc3f063,,,,in-linguist,programming,test/detect/ruby/default.txt
hljs:83ed6efc6c5a,gold,,d104850ff08dca89113f7b7e4ece42a51055589e,,swh:1:cnt:d104850ff08dca89113f7b7e4ece42a51055589e;origin=https://github.com/highlightjs/highlight.js;path=/test/detect/ruby/double-colon.txt,Ruby,Ruby (highlight.js `ruby`),Ruby;jruby;macruby;rake;rb;rbx;ruby,highlight.js' maintainers (the test's directory: a language id),highlight.js@fc3f063,,,,in-linguist;tiny,programming,test/detect/ruby/double-colon.txt
hljs:c28cddcfc025,gold,,566d03e1b7ec0120567d77f2e65fcf4839f0efe1,,swh:1:cnt:566d03e1b7ec0120567d77f2e65fcf4839f0efe1;origin=https://github.com/highlightjs/highlight.js;path=/test/detect/ruleslanguage/default.txt,Oracle Rules Language,Oracle Rules Language (highlight.js `ruleslanguage`),Oracle Rules Language;ruleslanguage,highlight.js' maintainers (the test's directory: a language id),highlight.js@fc3f063,,,,not-in-linguist,,test/detect/ruleslanguage/default.txt
hljs:4a8601aecdd1,gold,,29ceb466e4f3161ea3300267934fc45559fc22be,,swh:1:cnt:29ceb466e4f3161ea3300267934fc45559fc22be;origin=https://github.com/highlightjs/highlight.js;path=/test/detect/rust/default.txt,Rust,Rust (highlight.js `rust`),Rust;rs;rust,highlight.js' maintainers (the test's directory: a language id),highlight.js@fc3f063,,,,in-linguist,programming,test/detect/rust/default.txt
hljs:44756030e32f,gold,,fa11f18a61b7b73f4db47ab49f4b1aed01354a79,,swh:1:cnt:fa11f18a61b7b73f4db47ab49f4b1aed01354a79;origin=https://github.com/highlightjs/highlight.js;path=/test/detect/sas/default.txt,SAS,SAS (highlight.js `sas`),SAS;sas,highlight.js' maintainers (the test's directory: a language id),highlight.js@fc3f063,,,,in-linguist,programming,test/detect/sas/default.txt
hljs:56a754098fa0,gold,,de3e6aa29ebb69510d5495556a332de1230d71d0,,swh:1:cnt:de3e6aa29ebb69510d5495556a332de1230d71d0;origin=https://github.com/highlightjs/highlight.js;path=/test/detect/scala/default.txt,Scala,Scala (highlight.js `scala`),Scala;scala,highlight.js' maintainers (the test's directory: a language id),highlight.js@fc3f063,,,,in-linguist,programming,test/detect/scala/default.txt
hljs:25490a20894b,gold,,b62a98cb7e758540bd7d172908c070ba55fdb2de,,swh:1:cnt:b62a98cb7e758540bd7d172908c070ba55fdb2de;origin=https://github.com/highlightjs/highlight.js;path=/test/detect/scheme/default.txt,Scheme,Scheme (highlight.js `scheme`),Scheme;scheme,highlight.js' maintainers (the test's directory: a language id),highlight.js@fc3f063,,,,in-linguist,programming,test/detect/scheme/default.txt
hljs:1af2114e1068,gold,,3f466c884b2ea049c06ce713ec6e47f8dd783b01,,swh:1:cnt:3f466c884b2ea049c06ce713ec6e47f8dd783b01;origin=https://github.com/highlightjs/highlight.js;path=/test/detect/scilab/default.txt,Scilab,Scilab (highlight.js `scilab`),Scilab;scilab,highlight.js' maintainers (the test's directory: a language id),highlight.js@fc3f063,,,,in-linguist,programming,test/detect/scilab/default.txt
hljs:1f07ee0e1c0a,gold,,3e6b880f1be79851f22080b5a3dc78d845c2377e,,swh:1:cnt:3e6b880f1be79851f22080b5a3dc78d845c2377e;origin=https://github.com/highlightjs/highlight.js;path=/test/detect/scss/default.txt,SCSS,SCSS (highlight.js `scss`),SCSS;scss,highlight.js' maintainers (the test's directory: a language id),highlight.js@fc3f063,,,,in-linguist,markup,test/detect/scss/default.txt
hljs:3d6f5b674514,gold,,f7635bc3dcc817d3018c63a7fe4110d2cf3c1f60,,swh:1:cnt:f7635bc3dcc817d3018c63a7fe4110d2cf3c1f60;origin=https://github.com/highlightjs/highlight.js;path=/test/detect/shell/default.txt,ShellSession,Shell Session (highlight.js `shell`),ShellSession;bash session;console;Shell Session;shell,highlight.js' maintainers (the test's directory: a language id),highlight.js@fc3f063,,,,in-linguist,programming,test/detect/shell/default.txt
hljs:5f9de2f055f4,gold,,f706526d53cd79c35f77cd4c0234ebedf57c66f7,,swh:1:cnt:f706526d53cd79c35f77cd4c0234ebedf57c66f7;origin=https://github.com/highlightjs/highlight.js;path=/test/detect/smali/default.txt,Smali,Smali (highlight.js `smali`),Smali;smali,highlight.js' maintainers (the test's directory: a language id),highlight.js@fc3f063,,,,in-linguist,programming,test/detect/smali/default.txt
hljs:8501804adca5,gold,,7c960a72f82d5b471c45fe26097ecb691082e3d8,,swh:1:cnt:7c960a72f82d5b471c45fe26097ecb691082e3d8;origin=https://github.com/highlightjs/highlight.js;path=/test/detect/smalltalk/default.txt,Smalltalk,Smalltalk (highlight.js `smalltalk`),Smalltalk;squeak;smalltalk,highlight.js' maintainers (the test's directory: a language id),highlight.js@fc3f063,,,,in-linguist,programming,test/detect/smalltalk/default.txt
hljs:8985c6ef975d,gold,,954c561bc1a5125a14649aa7f2cad838b243e0c6,,swh:1:cnt:954c561bc1a5125a14649aa7f2cad838b243e0c6;origin=https://github.com/highlightjs/highlight.js;path=/test/detect/sml/default.txt,Standard ML,SML (Standard ML) (highlight.js `sml`),Standard ML;sml;SML (Standard ML),highlight.js' maintainers (the test's directory: a language id),highlight.js@fc3f063,,,,in-linguist,programming,test/detect/sml/default.txt
hljs:08d207c93586,gold,,bb6b797327f79e984a8bbab7c2e39f61d9752ad5,,swh:1:cnt:bb6b797327f79e984a8bbab7c2e39f61d9752ad5;origin=https://github.com/highlightjs/highlight.js;path=/test/detect/sqf/default.txt,SQF,SQF (highlight.js `sqf`),SQF;sqf,highlight.js' maintainers (the test's directory: a language id),highlight.js@fc3f063,,,,in-linguist,programming,test/detect/sqf/default.txt
hljs:79170a9a1ebe,gold,,3ec99c633a80effb028af240c72427725660d24b,,swh:1:cnt:3ec99c633a80effb028af240c72427725660d24b;origin=https://github.com/highlightjs/highlight.js;path=/test/detect/sql/default.txt,SQL,SQL (highlight.js `sql`),SQL;sql,highlight.js' maintainers (the test's directory: a language id),highlight.js@fc3f063,,,,in-linguist,data,test/detect/sql/default.txt
hljs:aa210f774962,gold,,d5c867c72f4a8cb6c348a864b5a182a49528ac38,,swh:1:cnt:d5c867c72f4a8cb6c348a864b5a182a49528ac38;origin=https://github.com/highlightjs/highlight.js;path=/test/detect/stan/default.txt,Stan,Stan (highlight.js `stan`),Stan;stan,highlight.js' maintainers (the test's directory: a language id),highlight.js@fc3f063,,,,in-linguist,programming,test/detect/stan/default.txt
hljs:08dc37b251f1,gold,,6482ec23a5e794b11447440aa6797fa6082bfd1d,,swh:1:cnt:6482ec23a5e794b11447440aa6797fa6082bfd1d;origin=https://github.com/highlightjs/highlight.js;path=/test/detect/stata/default.txt,Stata,Stata (highlight.js `stata`),Stata;stata,highlight.js' maintainers (the test's directory: a language id),highlight.js@fc3f063,,,,in-linguist,programming,test/detect/stata/default.txt
hljs:ca33ef64fcbc,gold,,f066fc8651a7691f2d07afdc0c562a48b37880dd,,swh:1:cnt:f066fc8651a7691f2d07afdc0c562a48b37880dd;origin=https://github.com/highlightjs/highlight.js;path=/test/detect/step21/default.txt,STEP Part 21,STEP Part 21 (highlight.js `step21`),STEP Part 21;step21,highlight.js' maintainers (the test's directory: a language id),highlight.js@fc3f063,,,,not-in-linguist,,test/detect/step21/default.txt
hljs:7ab7d2dc5a72,gold,,896578549b7347e53b373413a0512f814105f5e1,,swh:1:cnt:896578549b7347e53b373413a0512f814105f5e1;origin=https://github.com/highlightjs/highlight.js;path=/test/detect/stylus/default.txt,Stylus,Stylus (highlight.js `stylus`),Stylus;stylus,highlight.js' maintainers (the test's directory: a language id),highlight.js@fc3f063,,,,in-linguist,markup,test/detect/stylus/default.txt
hljs:ad9b507b7c8a,gold,,6f773991976700f11b9743a0866b363dc2398e97,,swh:1:cnt:6f773991976700f11b9743a0866b363dc2398e97;origin=https://github.com/highlightjs/highlight.js;path=/test/detect/swift/default.txt,Swift,Swift (highlight.js `swift`),Swift;swift,highlight.js' maintainers (the test's directory: a language id),highlight.js@fc3f063,,,,in-linguist,programming,test/detect/swift/default.txt
hljs:1d25b3006ea4,gold,,ce91f79e9edb96c4b53b1f11207529794f6807f1,,swh:1:cnt:ce91f79e9edb96c4b53b1f11207529794f6807f1;origin=https://github.com/highlightjs/highlight.js;path=/test/detect/taggerscript/default.txt,Tagger Script,Tagger Script (highlight.js `taggerscript`),Tagger Script;taggerscript,highlight.js' maintainers (the test's directory: a language id),highlight.js@fc3f063,,,,not-in-linguist,,test/detect/taggerscript/default.txt
hljs:b12aa9ed2b02,gold,,f84ee042513ac7c74e60d29c34eb3f62e06c5863,,swh:1:cnt:f84ee042513ac7c74e60d29c34eb3f62e06c5863;origin=https://github.com/highlightjs/highlight.js;path=/test/detect/tcl/default.txt,Tcl,Tcl (highlight.js `tcl`),Tcl;sdc;xdc;tcl,highlight.js' maintainers (the test's directory: a language id),highlight.js@fc3f063,,,,in-linguist,programming,test/detect/tcl/default.txt
hljs:affadb2bd821,gold,,fe2c6cd51da37b7ad01fe2401241fb7b320cc563,,swh:1:cnt:fe2c6cd51da37b7ad01fe2401241fb7b320cc563;origin=https://github.com/highlightjs/highlight.js;path=/test/detect/thrift/default.txt,Thrift,Thrift (highlight.js `thrift`),Thrift;thrift,highlight.js' maintainers (the test's directory: a language id),highlight.js@fc3f063,,,,in-linguist,programming,test/detect/thrift/default.txt
hljs:319162dc6138,gold,,e88134c4deb2aefb6a2db496e277a69636c2a570,,swh:1:cnt:e88134c4deb2aefb6a2db496e277a69636c2a570;origin=https://github.com/highlightjs/highlight.js;path=/test/detect/tp/default.txt,TP,TP (highlight.js `tp`),TP;tp,highlight.js' maintainers (the test's directory: a language id),highlight.js@fc3f063,,,,not-in-linguist,,test/detect/tp/default.txt
hljs:7870294423f5,gold,,217eebb98a456ad4c47b46d5f28c760c8a21c189,,swh:1:cnt:217eebb98a456ad4c47b46d5f28c760c8a21c189;origin=https://github.com/highlightjs/highlight.js;path=/test/detect/twig/default.txt,Twig,Twig (highlight.js `twig`),Twig;twig,highlight.js' maintainers (the test's directory: a language id),highlight.js@fc3f063,,,,in-linguist,markup,test/detect/twig/default.txt
hljs:17e7d38bc479,gold,,728d8bce9de7afc3eef680781522e12ad702603d,,swh:1:cnt:728d8bce9de7afc3eef680781522e12ad702603d;origin=https://github.com/highlightjs/highlight.js;path=/test/detect/typescript/default.txt,TypeScript,TypeScript (highlight.js `typescript`),TypeScript;ts;typescript,highlight.js' maintainers (the test's directory: a language id),highlight.js@fc3f063,,,,in-linguist,programming,test/detect/typescript/default.txt
hljs:866631473694,gold,,aed046829963fb0d0877de46da4c777aa7e38266,,swh:1:cnt:aed046829963fb0d0877de46da4c777aa7e38266;origin=https://github.com/highlightjs/highlight.js;path=/test/detect/vala/default.txt,Vala,Vala (highlight.js `vala`),Vala;vala,highlight.js' maintainers (the test's directory: a language id),highlight.js@fc3f063,,,,in-linguist,programming,test/detect/vala/default.txt
hljs:c6320b1122a7,gold,,b1719cf275158ea44347c83474fdf83cded00034,,swh:1:cnt:b1719cf275158ea44347c83474fdf83cded00034;origin=https://github.com/highlightjs/highlight.js;path=/test/detect/vbnet/default.txt,Visual Basic .NET,Visual Basic .NET (highlight.js `vbnet`),Visual Basic .NET;visual basic;vbnet;vb .net;vb.net,highlight.js' maintainers (the test's directory: a language id),highlight.js@fc3f063,,,,in-linguist,programming,test/detect/vbnet/default.txt
hljs:5cc4484d38f2,gold,,6627356d7fc889c29dca0a473bf49acbfdd84fec,,swh:1:cnt:6627356d7fc889c29dca0a473bf49acbfdd84fec;origin=https://github.com/highlightjs/highlight.js;path=/test/detect/vbscript-html/default.txt,VBScript in HTML,VBScript in HTML (highlight.js `vbscript-html`),VBScript in HTML;vbscript-html,highlight.js' maintainers (the test's directory: a language id),highlight.js@fc3f063,,,,not-in-linguist,,test/detect/vbscript-html/default.txt
hljs:7e41b2f45294,gold,,0982529b4b70125039ae183919c37c4593974c08,,swh:1:cnt:0982529b4b70125039ae183919c37c4593974c08;origin=https://github.com/highlightjs/highlight.js;path=/test/detect/vbscript/default.txt,VBScript,VBScript (highlight.js `vbscript`),VBScript;vbscript,highlight.js' maintainers (the test's directory: a language id),highlight.js@fc3f063,,,,in-linguist,programming,test/detect/vbscript/default.txt
hljs:fcb5a2242cc6,gold,,ec94f59484d8a47f76799515998d12e487eb81a0,,swh:1:cnt:ec94f59484d8a47f76799515998d12e487eb81a0;origin=https://github.com/highlightjs/highlight.js;path=/test/detect/verilog/default.txt,Verilog,Verilog (highlight.js `verilog`),Verilog;verilog,highlight.js' maintainers (the test's directory: a language id),highlight.js@fc3f063,,,,in-linguist,programming,test/detect/verilog/default.txt
hljs:becac19e74e5,gold,,3e7edc0445c5694c658e0b92ed4feec67da19bbe,,swh:1:cnt:3e7edc0445c5694c658e0b92ed4feec67da19bbe;origin=https://github.com/highlightjs/highlight.js;path=/test/detect/vhdl/default.txt,VHDL,VHDL (highlight.js `vhdl`),VHDL;vhdl,highlight.js' maintainers (the test's directory: a language id),highlight.js@fc3f063,,,,in-linguist,programming,test/detect/vhdl/default.txt
hljs:4fec2572b82f,gold,,18d571a09c0e07533e942846b2fdf170390e813e,,swh:1:cnt:18d571a09c0e07533e942846b2fdf170390e813e;origin=https://github.com/highlightjs/highlight.js;path=/test/detect/vim/default.txt,Vim script,Vim Script (highlight.js `vim`),Vim script;vim;viml;nvim;vimscript;Vim Script,highlight.js' maintainers (the test's directory: a language id),highlight.js@fc3f063,,,,in-linguist,programming,test/detect/vim/default.txt
hljs:b5d13ec70009,gold,,e761b14fb3ba4a2f743ea70b40417b42dfb46d91,,swh:1:cnt:e761b14fb3ba4a2f743ea70b40417b42dfb46d91;origin=https://github.com/highlightjs/highlight.js;path=/test/detect/wasm/default.txt,WebAssembly,WebAssembly (highlight.js `wasm`),WebAssembly;wast;wasm,highlight.js' maintainers (the test's directory: a language id),highlight.js@fc3f063,,,,in-linguist,programming,test/detect/wasm/default.txt
hljs:15528db5be85,gold,,2fa4368c0b0b02411ac7a4d92ea3bbd9d7d5d513,,swh:1:cnt:2fa4368c0b0b02411ac7a4d92ea3bbd9d7d5d513;origin=https://github.com/highlightjs/highlight.js;path=/test/detect/wren/default.txt,Wren,Wren (highlight.js `wren`),Wren;wrenlang;wren,highlight.js' maintainers (the test's directory: a language id),highlight.js@fc3f063,,,,in-linguist,programming,test/detect/wren/default.txt
hljs:6a0c1627b7a7,gold,,2f27c7808588ed3efc41b306e1fa56eaee09dde0,,swh:1:cnt:2f27c7808588ed3efc41b306e1fa56eaee09dde0;origin=https://github.com/highlightjs/highlight.js;path=/test/detect/x86asm/default.txt,Assembly,Intel x86 Assembly (highlight.js `x86asm`),Assembly;asm;nasm;Intel x86 Assembly;x86asm,highlight.js' maintainers (the test's directory: a language id),highlight.js@fc3f063,,,,in-linguist,programming,test/detect/x86asm/default.txt
hljs:06818b66acff,gold,,93f64ad31f15d17a77916035be7aa39d4f5da49f,,swh:1:cnt:93f64ad31f15d17a77916035be7aa39d4f5da49f;origin=https://github.com/highlightjs/highlight.js;path=/test/detect/xl/default.txt,XL,XL (highlight.js `xl`),XL;xl,highlight.js' maintainers (the test's directory: a language id),highlight.js@fc3f063,,,,not-in-linguist,,test/detect/xl/default.txt
hljs:bfb465587288,gold,,82bc7f16d1270729cfc37a714eab05512e7d7836,,swh:1:cnt:82bc7f16d1270729cfc37a714eab05512e7d7836;origin=https://github.com/highlightjs/highlight.js;path=/test/detect/xml/default.txt,HTML,"HTML, XML (highlight.js `xml`)","HTML;XML;xhtml;rss;xsd;wsdl;HTML, XML;xml",highlight.js' maintainers (the test's directory: a language id),highlight.js@fc3f063,,,,in-linguist,markup,test/detect/xml/default.txt
hljs:b6ebcb0357d0,gold,,c38597adaa62f346fb6883caef328dd5f713d958,,swh:1:cnt:c38597adaa62f346fb6883caef328dd5f713d958;origin=https://github.com/highlightjs/highlight.js;path=/test/detect/xml/groovy-julia.txt,HTML,"HTML, XML (highlight.js `xml`)","HTML;XML;xhtml;rss;xsd;wsdl;HTML, XML;xml",highlight.js' maintainers (the test's directory: a language id),highlight.js@fc3f063,,,,in-linguist;tiny,markup,test/detect/xml/groovy-julia.txt
hljs:ce439eac17cd,gold,,d9f8e20524fc01678bde1dc37276b05ad81a0fbe,,swh:1:cnt:d9f8e20524fc01678bde1dc37276b05ad81a0fbe;origin=https://github.com/highlightjs/highlight.js;path=/test/detect/xml/js.txt,HTML,"HTML, XML (highlight.js `xml`)","HTML;XML;xhtml;rss;xsd;wsdl;HTML, XML;xml",highlight.js' maintainers (the test's directory: a language id),highlight.js@fc3f063,,,,in-linguist;tiny,markup,test/detect/xml/js.txt
hljs:cf393aa9b5ca,gold,,392f42bf8ef2a7683e0322c3ac9dcd14d02decb4,,swh:1:cnt:392f42bf8ef2a7683e0322c3ac9dcd14d02decb4;origin=https://github.com/highlightjs/highlight.js;path=/test/detect/xquery/default.txt,XQuery,XQuery (highlight.js `xquery`),XQuery;xquery,highlight.js' maintainers (the test's directory: a language id),highlight.js@fc3f063,,,,in-linguist,programming,test/detect/xquery/default.txt
hljs:5e64ddc18a3f,gold,,49c4939e4a405d7638b7866f68ff34dbf46790dd,,swh:1:cnt:49c4939e4a405d7638b7866f68ff34dbf46790dd;origin=https://github.com/highlightjs/highlight.js;path=/test/detect/yaml/default.txt,YAML,YAML (highlight.js `yaml`),YAML;yml;yaml,highlight.js' maintainers (the test's directory: a language id),highlight.js@fc3f063,,,,in-linguist,data,test/detect/yaml/default.txt
hljs:0c678d549108,gold,,154fd0381ef0b9dba0a6f9d4a41b0d319ba6642a,,swh:1:cnt:154fd0381ef0b9dba0a6f9d4a41b0d319ba6642a;origin=https://github.com/highlightjs/highlight.js;path=/test/detect/zephir/default.txt,Zephir,Zephir (highlight.js `zephir`),Zephir;zephir,highlight.js' maintainers (the test's directory: a language id),highlight.js@fc3f063,,,,in-linguist,programming,test/detect/zephir/default.txt
