# highlight.js language (fc3f063) → Linguist name(s) (76f88c6); how: exact | alias | manual | none. Synonyms only (a dialect or a broader/narrower language is not mapped); generated by build_cases.py
source_label,linguist,how,source_id,cases
.properties,Java Properties,manual,properties,1
1C:Enterprise,1C Enterprise,exact,1c,1
ActionScript,ActionScript,exact,actionscript,1
Ada,Ada,exact,ada,1
AngelScript,AngelScript,exact,angelscript,1
Apache config,ApacheConf,alias,apache,1
AppleScript,AppleScript,exact,applescript,1
ArcGIS Arcade,,none,arcade,1
Arduino,,none,arduino,1
ARM Assembly,,none,armasm,1
AsciiDoc,AsciiDoc,exact,asciidoc,1
AspectJ,AspectJ,exact,aspectj,1
Augmented Backus-Naur Form,ABNF,exact,abnf,1
AutoHotkey,AutoHotkey,exact,autohotkey,1
AutoIt,AutoIt,exact,autoit,1
AVR Assembly,,none,avrasm,1
Awk,Awk,exact,awk,1
Backus–Naur Form,,none,bnf,1
Bash,Shell,alias,bash,1
BASIC,BASIC,exact,basic,1
Batch file (DOS),Batchfile,manual,dos,1
Brainfuck,Brainfuck,exact,brainfuck,1
C#,C#,exact,csharp,1
C++,C++,exact,cpp,1
C/AL,,none,cal,1
Caché Object Script,ObjectScript,manual,cos,1
Cap’n Proto,Cap'n Proto,exact,capnproto,1
Ceylon,Ceylon,exact,ceylon,1
Clean,Clean,exact,clean,1
Clojure,Clojure,exact,clojure,1
CMake,CMake,exact,cmake,1
CoffeeScript,CoffeeScript,exact,coffeescript,1
Coq,Rocq Prover,alias,coq,1
crmsh,,none,crmsh,1
Crystal,Crystal,exact,crystal,1
CSP,,none,csp,1
CSS,CSS,exact,css,1
D,D,exact,d,1
Dart,Dart,exact,dart,1
Delphi,Pascal,alias,delphi,1
Device Tree,,none,dts,1
Diff,Diff,exact,diff,1
Django,Jinja,alias,django,1
DNS Zone,DNS Zone,exact,dns,1
Dockerfile,Dockerfile,exact,dockerfile,1
dsconfig,,none,dsconfig,1
Dust,,none,dust,1
Elixir,Elixir,exact,elixir,1
Elm,Elm,exact,elm,1
ERB,HTML+ERB,alias,erb,1
Erlang,Erlang,exact,erlang,1
Excel formulae,,none,excel,1
Extended Backus-Naur Form,EBNF,exact,ebnf,1
F#,F#,exact,fsharp,1
FIX,,none,fix,1
Flix,Flix,exact,flix,1
Fortran,Fortran,exact,fortran,1
G-code (ISO 6983),G-code,exact,gcode,1
GAMS,GAMS,exact,gams,1
GAUSS,,none,gauss,1
Gherkin,Gherkin,exact,gherkin,1
GLSL,GLSL,exact,glsl,1
GML,Game Maker Language,manual,gml,1
Go,Go,exact,go,2
Golo,Golo,exact,golo,1
Gradle,Gradle,exact,gradle,1
GraphQL,GraphQL,exact,graphql,1
Groovy,Groovy,exact,groovy,1
HAML,Haml,exact,haml,1
Handlebars,Handlebars,exact,handlebars,1
Haskell,Haskell,exact,haskell,1
Haxe,Haxe,exact,haxe,1
HSP,,none,hsp,1
"HTML, XML",HTML;XML,manual,xml,3
HTTP,HTTP,exact,http,1
Hy,Hy,exact,hy,1
Inform 7,Inform 7,exact,inform7,1
Intel x86 Assembly,Assembly,manual,x86asm,1
IRPF90,,none,irpf90,1
ISBL,,none,isbl,1
Java,Java,exact,java,1
JavaScript,JavaScript,exact,javascript,3
JBoss CLI,,none,jboss-cli,1
JSON,JSON,exact,json,1
json5,JSON5,exact,json5,1
Julia,Julia,exact,julia,1
Julia REPL,Julia REPL,exact,julia-repl,1
Kotlin,Kotlin,exact,kotlin,1
Lasso,Lasso,exact,lasso,1
LaTeX,TeX,alias,latex,1
LDIF,,none,ldif,1
Leaf,,none,leaf,1
Less,Less,exact,less,1
Lisp,Common Lisp,alias,lisp,1
LiveCode,LiveCode Script,manual,livecodeserver,1
LiveScript,LiveScript,exact,livescript,1
LLVM IR,LLVM,exact,llvm,1
LSL (Linden Scripting Language),LSL,exact,lsl,1
Lua,Lua,exact,lua,1
Makefile,Makefile,exact,makefile,1
Markdown,Markdown,exact,markdown,1
Mathematica,Wolfram Language,alias,mathematica,1
Matlab,MATLAB,exact,matlab,1
Maxima,,none,maxima,1
MEL,,none,mel,1
Mercury,Mercury,exact,mercury,1
MikroTik RouterOS script,RouterOS Script,manual,routeros,1
MIPS Assembly,,none,mipsasm,1
Mizar,,none,mizar,1
Mojolicious,,none,mojolicious,1
Monkey,Monkey,exact,monkey,1
MoonScript,MoonScript,exact,moonscript,1
N1QL,,none,n1ql,1
Nested Text,,none,nestedtext,1
Nginx config,Nginx,exact,nginx,1
Nim,Nim,exact,nim,1
Nix,Nix,exact,nix,1
NSIS,NSIS,exact,nsis,1
Objective-C,Objective-C,exact,objectivec,1
OCaml,OCaml,exact,ocaml,1
Odin,Odin,exact,odin,1
OpenSCAD,OpenSCAD,exact,openscad,1
Oracle Rules Language,,none,ruleslanguage,1
Oxygene,Oxygene,exact,oxygene,1
Packet Filter config,,none,pf,1
Parser3,,none,parser3,1
Perl,Perl,exact,perl,1
php,PHP,exact,php,1
PHP template,HTML+PHP,manual,php-template,1
Pony,Pony,exact,pony,1
PostgreSQL,PLpgSQL,manual,pgsql,1
PowerShell,PowerShell,exact,powershell,1
Processing,Processing,exact,processing,1
Prolog,Prolog,exact,prolog,1
Protocol Buffers,Protocol Buffer,alias,protobuf,1
Puppet,Puppet,exact,puppet,1
PureBASIC,PureBasic,exact,purebasic,1
Python,Python,exact,python,1
python-repl,Python console,manual,python-repl,1
Q,q,exact,q,1
QML,QML,exact,qml,1
R,R,exact,r,1
ReasonML,Reason,manual,reasonml,1
RenderMan RIB,,none,rib,1
RenderMan RSL,,none,rsl,1
Roboconf,,none,roboconf,1
Ruby,Ruby,exact,ruby,2
Rust,Rust,exact,rust,1
SAS,SAS,exact,sas,1
Scala,Scala,exact,scala,1
Scheme,Scheme,exact,scheme,1
Scilab,Scilab,exact,scilab,1
SCSS,SCSS,exact,scss,1
Shell Session,ShellSession,exact,shell,1
Smali,Smali,exact,smali,1
Smalltalk,Smalltalk,exact,smalltalk,1
SML (Standard ML),Standard ML,alias,sml,1
SQF,SQF,exact,sqf,1
SQL,SQL,exact,sql,1
Stan,Stan,exact,stan,1
Stata,Stata,exact,stata,1
STEP Part 21,,none,step21,1
Stylus,Stylus,exact,stylus,1
Swift,Swift,exact,swift,1
Tagger Script,,none,taggerscript,1
Tcl,Tcl,exact,tcl,1
Thrift,Thrift,exact,thrift,1
"TOML, also INI",INI;TOML,manual,ini,1
TP,,none,tp,1
Twig,Twig,exact,twig,1
TypeScript,TypeScript,exact,typescript,1
Vala,Vala,exact,vala,1
VBScript,VBScript,exact,vbscript,1
VBScript in HTML,,none,vbscript-html,1
Verilog,Verilog,exact,verilog,1
VHDL,VHDL,exact,vhdl,1
Vim Script,Vim script,exact,vim,1
Visual Basic .NET,Visual Basic .NET,exact,vbnet,1
WebAssembly,WebAssembly,exact,wasm,1
Wren,Wren,exact,wren,1
X++,,none,axapta,1
XL,,none,xl,1
XQuery,XQuery,exact,xquery,1
YAML,YAML,exact,yaml,1
Zephir,Zephir,exact,zephir,1
