# bench-smola/1 — samples of language-dataset (4d1827d) not scored: label `Unknown` or human annotators disagree; generated by build_cases.py; see README.md
sample,sha1_git,why,annotations,note
github.com/Adams123/OrgArquivos/44e237ded68ac94b146e0224c8d0b4b237db12b8/T2/T2/dragon.rl,d9dcdd749de7a9a050d4e3f82e4b4f312ecc96bb,human: Unknown,human-smola: Unknown; linguist: Ragel; linguist-extension: Ragel; pygments-filename: Ragel,
github.com/Astro-SMG/calc_mags/f08426a0831601f1c240e0b99d72d80c758b0400/vega_sed/A0V_KURUCZ_92.SED,96c11e6ba175944ece885ab6cc6b2e5863805ee5,human: Unknown,human-smola: Unknown; linguist: sed; linguist-extension: sed,
github.com/Azure/ccodashboard/9740e2fc9f26ac4490d7a5fd7523abe0ac2a67d6/queries/AKS.m,67fff851feeb479abf445d3685bb788eb7d29129,human: Unknown,human-smola: Unknown; linguist: Wolfram Language; pygments-filename: Objective-C,
github.com/BhallaLab/FindSim/c1dad5c53d08b0933a3902da531be13572c13ddc/models/submodels/b-arrestin2_20Feb2018_renamed.g,da90d8cb2c8a88fddcb13d62eaf9cca58fb92b7e,human: Unknown,human-smola: Unknown; linguist: GAP; pygments-filename: GAP,
github.com/BillFarber/ml-unit-test-example/cc38ad2ef6b58a2e69866d87183144b617897ec5/src/main/ml-data/shaks200/xml.dcl,21bc7c071f93fe04b29b10160d351843598fab95,human: Unknown,human-smola: Unknown; linguist: Clean; linguist-extension: Clean; pygments-filename: Clean,
github.com/C-Bouthoorn/i3config/de58cdbb9a1f2299182e25139b67cccd02b8a6f3/20-keys.i3/10-core.i3,8730c7d19727d7a8d1e2661b2742af266b4afc89,human: Unknown,human-smola: Unknown; linguist: Modula-3; linguist-extension: Modula-3,i3 configuration
github.com/CCBR/Pipeliner/477aecebac322aae9ed8fabee361baa2961a183f/Rules/wgs.somatic.germline.calls.rl,ff1068bea87fd601ea934b7f0cb51ca048f026d9,human: Unknown,human-smola: Unknown; linguist: Ragel; linguist-extension: Ragel; pygments-filename: Ragel,
github.com/CCTV-404/Zigbee/af227896803ef7891952487be42cbff8487d3001/Projects/zstack/Samples/GenericApp/CC2530DB/CoordinatorEB/Obj/zmac_cb.pbi,dd867dcac58596a1f93836e513678606ba2a67a8,human: Unknown,human-smola: Unknown; linguist: PureBasic; linguist-extension: PureBasic,
github.com/CandySunPlus/CY_erbi/089beb34602ce4be814e4ca109fb7135348e95b5/plugin/g2b.cy,394c9db2f0640ab541a8fc38ef2461d43d8c0f3b,human: Unknown,human-smola: Unknown; linguist: Cycript; linguist-extension: Cycript,
github.com/CarlosGS/open-radiation-detector/a887e9dcfe0f1568f1ef2a03ba7313825fc00f3b/Detector_PCB_1.0/Gerber/open_rad_detector-drl_map.plt,978271c18f13493972700e1ed0d96f537b68dc46,human: Unknown,human-smola: Unknown; linguist: Gnuplot; linguist-extension: Gnuplot; pygments-filename: Gnuplot,
github.com/Chadderz121/wii-ct-code/8aaf1a879d276b55c4eb2abdf916e2727e4dfa81/bad0/bad0Data/mod/mod0.mod,72f26a37438b399898d79971193a23415e4051cc,human: Unknown,human-smola: Unknown; linguist: AMPL; pygments-filename: Modula-2,
github.com/Chaferfu/tal/45ba9284d3b30f67d4b4a025abc171405fdef906/outputs/formal_small.lima.ne,aae95263c48678808770be60568ba3d8ed4d0c90,human: Unknown,human-smola: Unknown; linguist: Nearley; linguist-extension: Nearley,Tabular data
github.com/Cherifabk/ArabTAG-XMG/1f83391a59ca936a9002d95521014b374cf2161b/Verbal.mg,118800bc0e80d95a6a3cef1e5641bc74194f4436,human: Unknown,human-smola: Unknown; linguist: Modula-3; linguist-extension: Modula-3,
github.com/DavidSkrundz/B/dfc2de8a88d34195007c38697ebc134e94964252/src/resolver/type/TypeResolve.b,ada7193e70d4881a81bc506c7a65971758ccf78f,human: Unknown,human-smola: Unknown; linguist: Limbo; pygments-filename: Limbo,
github.com/Eddie-CooRo/computer-architecture/bdc4df3abf39d94251dfea665d3fb1b294d068e5/07/StackArithmetic/SimpleAdd/SimpleAdd.hack,0139b7abb43e38c3b70e046912308f18a6fa9306,human: Unknown,human-smola: Unknown; linguist: Hack; linguist-extension: Hack,
github.com/Endurance-Robotics/ChatBots/9e957067c84fe36d517220255947a88a3bf4d910/botabout/botlibre/scripts/Orders.self,f810d88efd9b5341eb75659fd2ee322e5738cb3e,human: Unknown,human-smola: Unknown; linguist: Self; linguist-extension: Self,
github.com/EricZimmerman/RECmd/41efec6fe08e17ee37287e4af781838a2391b4fe/BatchExamples/BatchExample.reb,cfeb8b777a12c97c84111c8e070fb109cb14ad0b,human: Unknown,human-smola: Unknown; linguist: Rebol; linguist-extension: Rebol; pygments-filename: Rebol,
github.com/ErrkO/Manjaro-Desktop-Settings/3b246cfb71d467ca8131296d8518ba61e6e0a58e/config.i3,1333da21e14400c32aa681b16c095e4da1ab86e4,human: Unknown,human-smola: Unknown; linguist: Modula-3; linguist-extension: Modula-3,i3 configuration
github.com/GillesArcas/sapid-lisp/2775bcf84a0ccf99a4d2aa327d2a3d254b3b9d5f/print.l,bab0459011b5ca78e71022e5b778ebae02aa0d99,human: Unknown,human-smola: Unknown; linguist: PicoLisp; linguist-heuristics: PicoLisp,Lisp (sapid-lisp)
github.com/HGldJ1966/guru-lang/a6b85e707d46ea7314ae5eb5e88c4b04deefccf6/tests/golfsock/checkh.g,9549c58ac22b3c6934c7503fad4f964cd90a2fc7,human: Unknown,human-smola: Unknown; linguist: GAP; pygments-filename: GAP,
github.com/HarshTrivedi/paraphrase-generation-web-demo/b2e1bbc946323b47b17e77ed1a08b0220591d463/bllip/models/WSJ/parser/tt.g,34d2d7cf7be1bdd79ca5f393f3d87f9dfa9cf111,human: Unknown,human-smola: Unknown; linguist: GAP; pygments-filename: GAP,
github.com/HartmutBorth/PLASIM/ea4d2d8d11d8b4c8de2ed947f3362f3932e620c3/plasim/dat/T21/N032_surf_1731.sra,a09d6c3afce098fcbe3f7128f81f1b5e3b6668a1,human: Unknown,human-smola: Unknown; linguist: PowerBuilder; linguist-extension: PowerBuilder,
github.com/HauyuChen/Parking-System/171034f27df89d7c3e60a78b8dd163389c21bb85/Parking-ZigBee/ParkingSystem/CC2530DB/CoordinatorEB/Obj/hal_assert.pbi,b2a632d6e510881d1f994f769a241a7f74e735e3,human: Unknown,human-smola: Unknown; linguist: PureBasic; linguist-extension: PureBasic,
github.com/Heracles-Brigade/rotbd/690b67d7b9f01460c5d7f588a608b2748c990ded/src/mp/race/multrc02/multrc02.LGT,daf19900eeaf3871ea551b5da926ed3b8287320b,human: Unknown,human-smola: Unknown; linguist: Logtalk; linguist-extension: Logtalk,
github.com/HrafnkellNK/dotfiles/258c458bd82d07a7dbb697dd316069a3d0b4eff8/config.i3,9822d97b7a60ba00dab2298b6fab7d03c1410533,human: Unknown,human-smola: Unknown; linguist: Modula-3; linguist-extension: Modula-3,i3 configuration
github.com/IJTAG-Ecosystem/Public/c09f43976b4941104e35f7ca227931afc6406037/ScanCell.icl,a1377d37524961b21e1bf5f35b3bbf19ec9ba78c,human: Unknown,human-smola: Unknown; linguist: Clean; linguist-extension: Clean; pygments-filename: Clean,
github.com/JeeJay23/dotfiles/9ef75d37851dff19f535d75daf998859fb390159/config.i3,ae6b79ba9a81da58a742c84933a306da8669e1dc,human: Unknown,human-smola: Unknown; linguist: Modula-3; linguist-extension: Modula-3,i3 configuration
github.com/JohannesPfeifer/DSGE_mod/736e0a66d6908ea3acda5c34cf2f7e04448293a7/Gali_2008/Gali_2008_chapter_5_commitment.mod,ed3c55295aaa78eb62bda82dc2463b13035f23f8,human: Unknown,human-smola: Unknown; linguist: AMPL; pygments-filename: Modula-2,
github.com/LubomirBednar/PhD/d5e04c89361b06905b0e00e1a79be89bd69849e9/E7/E7_RT-qPCR_template.asy,691fbeffb6db22f55f3d25193e6ebe03d7632cd2,human: Unknown,human-smola: Unknown; linguist: Asymptote; linguist-heuristics: Asymptote; pygments-filename: Asymptote,epRealPlex Assay File V4
github.com/MagerValp/ArcadeGameSelector/e21f22ff84ca3d6014e95e2c3c45214bbeaa6c3f/AGS2Menu.e,3a0445a5871458ebc7b777c85dd75b64b340ba9c,human: Unknown,human-smola: Unknown; linguist: Eiffel; linguist-heuristics: Eiffel; pygments-filename: Eiffel,
github.com/MagicLu550/MyIdealLang/9768acdc36cc6209a38497bd81b9f41c5c1a9d06/program.nl,a0f977382e937bee43792a9441972f4921372769,human: Unknown,human-ajnavarro: Unknown; linguist: NewLisp; linguist-heuristics: NewLisp; pygments-filename: NewLisp,
github.com/Manitary/advent-of-code/803f38a11d2e7980d46b42bb80bc5e0cc2c31830/2018/18_11.mg,fb688315124af868beca68f7eb2a6fe72f5b27ea,human: Unknown,human-smola: Unknown; linguist: Modula-3; linguist-extension: Modula-3,
github.com/MartynEcc0/Custom-Light-Bars/20ce516e8ad07015087b640d3e740b34634a6286/Pakistan v1.2 - Copy/Pakistan Master/Previous/v1_08/Include/expressions_primary_verbose_front_rear.ec,6c6c834a18805e167df50eb0f4bc9ac0e8d4fbe0,human: Unknown,human-smola: Unknown; linguist: eC; linguist-extension: eC; pygments-filename: eC,
github.com/MatthieuAnsart/loadForecast/6fa3c1f93f6e79e8056d4260f300ead26e3f258e/IBM/ILOG/CPLEX_Studio1262_x64/opl/examples/opl/BasketballScheduling/patset.mod,ee504d78c9d187b7d0f82ee645c9dca306151d5d,human: Unknown,human-smola: Unknown; linguist: AMPL; pygments-filename: Modula-2,IBM ILOG Script / IBM OPL (AMPL-like)
github.com/MetaCell/NEURON-UI/2a642c78a127a500ba139b83bb8d263035b52be7/neuron_ui/models/PTCell/mod/hsyn.mod,d23794a36af97de2b5e664bdb08f7c94e5f66b0e,human: Unknown,human-smola: Unknown; linguist: AMPL; pygments-filename: Modula-2,NEURON MODL
github.com/NIDCD/lsnm_in_python/c244ba39627840485919ca395c08287eded3cf2c/visual_model/subject_19/lgnsev1h.w,7f506627ae057f0206b2dc432d072261fafdb746,human: Unknown,human-ajnavarro: Unknown; linguist: CWeb,
github.com/OneIdentity/Polypkg/20ea9e5170a83daec883dd7fa69914dfb00eaa32/pp.back.kit,68a9692d4519c1d38e34a5491c740ec038034954,human: Unknown,human-smola: Unknown; linguist: Kit; linguist-extension: Kit,
github.com/PSEmulator/Client/6f644a754736b7a44f4fd660562dbe1bf1ade87f/expansion1/expansion1/ugd03.zpl,7a1c1f09d253ff4006f4c4fcd52c85ffc3d0a133,human: Unknown,human-smola: Unknown; linguist: Zimpl; linguist-extension: Zimpl,
github.com/Passw4r/dotfiles/a068dd0db007aa84d1e8c5539de129e41390305f/config.i3,697740f7c3a96e0154ca87a100723b5afe7712a2,human: Unknown,human-smola: Unknown; linguist: Modula-3; linguist-extension: Modula-3,i3 configuration
github.com/PavlezT/Tiva-MCU-TM4C123G-LaunchPad/88256c7ba6b5ac657f10a13b3e6cee4afd6b26b0/blinkyAlien/Debug/bme280_old.rl,0ee6156de0c7d50fc2117d5b07250a3c188f6fb3,human: Unknown,human-smola: Unknown; linguist: Ragel; linguist-extension: Ragel; pygments-filename: Ragel,
github.com/RayPragma/jmrccz/1de90644cca0fac0894a585e302d84fc76057b17/call_jmrcc.zpl,dcd386c58149c1eaa885f801e057d4f8b28eed9e,human: Unknown,human-smola: Unknown; linguist: Zimpl; linguist-extension: Zimpl,
github.com/Roniius/hoimi/ac85a9c815483b9b309f332cb94ea2a330ffeb59/hoimi.mod,e71d9cf114ed544628337e7ac99f24c5fdb27a0b,human: Unknown,human-smola: Unknown; linguist: AMPL; pygments-filename: Modula-2,Hearts of Iron 4 mod
github.com/Ruixel/YACY/49835f35a0d114d60c20e91f9c5f7707db77a2ec/res/levels/Castle.cy,43c236ead6241c9ac8e22bc988c6a4f1ebbf44dd,human: Unknown,human-smola: Unknown; linguist: Cycript; linguist-extension: Cycript,
github.com/S25214/.dot/4a05cd1a5f830a4aa25f0b3e2bb402f7929353b2/.i3,3a1a722d8ae92f58a64f5919fd41328b20cf7a53,human: Unknown,human-smola: Unknown; linguist: Modula-3; linguist-extension: Modula-3,i3 configuration
github.com/SarahChabane/correct-by-construction-SR-systems/c6de239cb1b85ebfedbdb6f19ecf41d73d5b8010/abstioa.ec,9d5c3cd93b933f24002f47b5c209964a8b9eb900,human: Unknown,human-smola: Unknown; linguist: eC; linguist-extension: eC; pygments-filename: eC,
github.com/Shanjaq/peanut/1f590eaac0c24cfc79a3c38b3a9d8be9f7e45455/phcc/inferno.hc,59c2df128faa7e095ee16131eacf744e2f954b45,human: Unknown,human-smola: Unknown; linguist: HolyC; linguist-extension: HolyC,HexenC (QuakeC-based)
github.com/Shanjaq/uhexen2-progs/f9eb2b52316d9cdeae1acb06774ccf3b18e07786/h2/entity.hc,fcbccf326be8afb6f2ce485f5a69cec9853b389e,human: Unknown,human-smola: Unknown; linguist: HolyC; linguist-extension: HolyC,HexenC (QuakeC-based)
github.com/SopaXorzTaker/fxesplus/0d7f01b22e60db41688184491be1d8b25a60fdf1/tools/u8-sdk/M610415.DCL,3bf88dc498fadc889fdd3baa37b9016ae90c85c8,human: Unknown,human-smola: Unknown; linguist: Clean; linguist-extension: Clean,
github.com/Spirent/cloudstress/602783b84dbcb4363195dd359ef7f60d710d5f48/config.zpl,015620f4f67d612ed10a9946e6627b870a4b495f,human: Unknown,human-smola: Unknown; linguist: Zimpl; linguist-extension: Zimpl,
github.com/SquidDev/urn/6e6717cf1376b0950e569e3771cb7e287aed291d/lib/data/function.lisp,62a7da58e7689e83220f31ffcf561b2504cc14a8,human: Unknown,human-smola: Unknown; linguist: Common Lisp; linguist-heuristics: Common Lisp; pygments-filename: Common Lisp,
github.com/ThatsNotAUsername/MEMo/9d97bd0b2e4eed22e2f9265e87dd3e50d9aefde6/MMB_github/matrix.eq,46886446fc99c7535e28eeba7941a67bb02ed6e4,human: Unknown,human-smola: Unknown; linguist: EQ; linguist-extension: EQ,
github.com/TrumpyGoad/Project_EUROPA/99965591f8a2a701771ef602a95133f650becd68/Project_EUROPA.mod,07b45dde0b9860bd955c2f1eca80ece8c728dd49,human: Unknown,human-smola: Unknown; linguist: AMPL; pygments-filename: Modula-2,Hearts of Iron 4 mod
github.com/Ttreintaysiete/chaves/9972f5b735048064f86628ce642d3d94d7502cea/v2/hardware/chaves.pro,c6c72e38fdbbf82e763966eb70b8bc7cae7542e6,human: Unknown,human-sola: Unknown; linguist: INI; pygments-filename: Prolog,EAGLE AutoRouter Statistics
github.com/WebGLSamples/WebGLSamples.github.io/79a3ef4783f8d97b3d0332b7cbd16ffe5dfbc2f9/aquarium/source_assets/Scenes/GlobeInner.ma,b7ee200ae227536059565f385b5614003f35de74,human: Unknown,human-smola: Unknown; linguist: Wolfram Language; linguist-extension: Wolfram Language; pygments-filename: Wolfram Language,
github.com/adam-cowley/journeyplanning/ffc7b29766b2d9f030a070b4aedbbb67aa55e0a3/all.cy,24ccbf8c7399f13449a0dc51c5836feb3c6f846e,human: Unknown,human-smola: Unknown; linguist: Cycript; linguist-extension: Cycript,
github.com/adobe-fonts/source-han-sans/e251b7a4fecc7c5bc57d25cb2c2e92a3e8980a39/Regular/OTC/cidfontinfo.OTC.HW.SC,392f0aa5c0a46b5da3f60ab238228c80c3c774f0,human: Unknown,human-smola: Unknown; linguist: Scala,
github.com/albandescottes/EIT/999139b2e56f2ff7e74bf29865648688d8d0bdef/files/v/formal-tst.NE.key.04oct95_small.txt.ref.ne,60618543e59f159a17e7334e28ed8c352864b564,human: Unknown,human-smola: Unknown; linguist: Nearley; linguist-extension: Nearley,Text annotated with name entity tags
github.com/alecmuffett/eotk/d6021400df94479fe28d928aecacff98d1bc7822/templates.d/nginx.conf.txt,4b6d4a13d69c39d2d7bac0ba78b91c04b75a8b7f,human: Unknown,human-smola: Unknown; linguist: Awk; linguist-heuristics: Text; linguist-modeline: Awk; pygments-filename: Text,Nginx config with custom templating and bogus Awk modeline
github.com/amunch/Language-to-Latex/42ff1648fe9035ff9753df0f08092490bdf3ed91/data/data/final_data/test.eq,9aa4063d643a75344e9d9a401038305b69cc4b2e,human: Unknown,human-smola: Unknown; linguist: EQ; linguist-extension: EQ,
github.com/andrealani/COOLFluiD/cd73fc5e70209808b75c6440df68cd2b01225613/plugins/NavierStokes/testcases/DoubleEllipse/restartRDS.surf.plt,7f41bfe17e830f7a6ccf8ea9cd8e633dcc598731,human: Unknown,human-smola: Unknown; linguist: Gnuplot; linguist-extension: Gnuplot; pygments-filename: Gnuplot,
github.com/anotherkeebler/DiceGen/fc63e355eb881b894984420151d0db3169205508/diceware.wordlist.asc,bedcb0697501ef50fe764e913a7f6ddbbdc88aae,human: Unknown,human-smola: Unknown; linguist: AGS Script; pygments-filename: Public Key,
github.com/archipaorg/k8s-icl/f1269b8dd3264822af46433c220d608488592cf6/v1.6.6/v1beta1/policyrule.icl,3b12ec67e025f25e61103dcef0c0b978ec6df5aa,human: Unknown,human-smola: Unknown; linguist: Clean; linguist-extension: Clean; pygments-filename: Clean,
github.com/areiman/PFO-ADC-DER-Testbed/2ecc3ef94a995a594e05cafacd58e68d4ea487c3/ADC-DER-Testbed/PythonTest/Python/fncs.zpl,e1d2232734afb692d76373cbb34926b506c315fc,human: Unknown,human-smola: Unknown; linguist: Zimpl; linguist-extension: Zimpl,
github.com/arinabondarenko/DL_homework_2/dbfde3172fc647e1d00d73a31aa0a26e59558c2a/task_2.txl,a8df00bd2844d4d874b757ec13448291737751c0,human: Unknown,human-smola: Unknown; linguist: TXL; linguist-extension: TXL,
github.com/arne-cl/codra-rst-parser/9f39d7f1679ec82f587cb99efa956ed830924d86/Tools/CharniakParserRerank/first-stage/DATA/EN/tt.g,9224c8ffd7c065b3facd34e97198543368e65c50,human: Unknown,human-smola: Unknown; linguist: GAP; pygments-filename: GAP,
github.com/assaflavi/peptalk/daf63f1768449854e814ddce656a1d302c8fbe07/data/peptiDB/unbound/MotifAnalysis/data/1DKX/1DKX.mat.hb,22805c39b0b22365d2c39f862160f1d0a088f9ee,human: Unknown,human-smola: Unknown; linguist: Harbour; linguist-extension: Harbour,
github.com/avais25/Lustre-examples/2dd06a0bed855bba1a1aa0e5685d9fbc8cfae4a9/Question2/ROADS.ec,5e98b459ec834a16536875c79093aba1d82ca7d8,human: Unknown,human-smola: Unknown; linguist: eC; linguist-extension: eC; pygments-filename: eC,
github.com/ayuryshev/config/c00693a20028eb72c7541e12159576a0b1ffc3fb/i3/src/A-main.i3,3f2f6e284159849268ee18c0568a558811b7ef4b,human: Unknown,human-smola: Unknown; linguist: Modula-3; linguist-extension: Modula-3,i3 configuration
github.com/b-cakir/hecke-operator/6d6b57400ed54ef637c2b49550448000e999eab2/optimized.mg,db80af83b5e34269257b4b6682e741bde795a819,human: Unknown,human-smola: Unknown; linguist: Modula-3; linguist-extension: Modula-3,
github.com/badocksbi/BADock/c79e1be5e23f254d64414ddfe342c1b75336536a/db/AffinityBenchmark/2B4J_l_b.pdb.HB,1791b52e1d34d4710688b23d9c9f10296395da1e,human: Unknown,human-smola: Unknown; linguist: Harbour; linguist-extension: Harbour,
github.com/bambenek/block-doh/57e3698b959b8eda5df6b8698a0187b4ad1df074/db.doh,3dcb108f1297c5fc7fdfa4d4c25734fa015f5ac0,human: Unknown,human-ajnavarro: Unknown; linguist: Stata; linguist-extension: Stata,
github.com/banneker-aztlan/intro-to-python/a2633812d2591c036d629265579b4b7b88ed001a/data/seds/Sc_A_0.sed,3ae590f9aba55e55980828fe4a1f200d4332458a,human: Unknown,human-smola: Unknown; linguist: sed; linguist-extension: sed; pygments-filename: sed,
github.com/bbvbb/ChineseFan/d79f1a7e2ea3565d918cab12752a01e81d67423e/ChineseFan-0.0.1-zh_CN.mse,acfd23811a1801067b5abf47de9232e6654a3f57,human: Unknown,human-smola: Unknown,
"github.com/begoon/acm/05472eaa0fff7abb6679826085da5e0c990df4cb/ch24.org/2011/Pre-round, 2011.02.12/R/text05.tst",b1623978f7b94773373b003da0c285141911be3c,human: Unknown,human-smola: Unknown; linguist: Scilab; linguist-heuristics: Scilab; pygments-filename: Scilab,
github.com/bernerdschaefer/sgheme/5007b2763c8280668d3bb72b9e50c17a057bc8ee/sicp.lisp,57e83003036a82c3103ade3a6f4cea9fa9fa9279,humans disagree,human-ajnavarro: NewLisp; human-smola: Scheme; linguist: NewLisp; linguist-heuristics: NewLisp; pygments-filename: Common Lisp,
github.com/blackcata/1D-RANS/cdf7efa59778749b0f492cfa1cabda342327ec6f/DATA/CHANNEL_0180_mean_prof.plt,3acfea5559e3a1a0aad57b32abcad10eb83e959f,human: Unknown,human-smola: Unknown; linguist: Gnuplot; linguist-extension: Gnuplot; pygments-filename: Gnuplot,
github.com/breuleux/quaint/8c538dfde32183f1116f6c661835f35f6c249d21/scaffold/index.q,a6bdd32fb8588e8495f05468be96d45daa6bdbe3,human: Unknown,human-smola: Unknown; linguist: q; pygments-filename: q,
github.com/byackee/jarvis-rivescript/f89853fb359083cf6c8b4ddcd7b363986fadb6ce/eg/brain/fr/cerveaudebase.rs,d16d3cdd824ba8770878321a20543eb9de5fac27,human: Unknown,human-smola: Unknown; linguist: XML; pygments-filename: Rust,
github.com/carloop/hardware/7fe80cc13adf8100ad54f4a6c7fb054c739a4806/CarloopXL.v3/CarloopXL-v3.1.pro,a6679ea2ff4b5ba84e30742afe68f00d1a1bf00a,human: Unknown,human-smola: Unknown; linguist: Prolog; pygments-filename: Prolog,EAGLE AutoRouter Statistics
github.com/chatopera/conversation-sampleapp/0e7928b2cf846cfd7c82987450f9ace5c522d4fa/app/zh_CN.weather.ms,b77c415b977d821bde322db0a7ef95a9d576473e,human: Unknown,human-smola: Unknown; linguist: MAXScript; linguist-heuristics: MAXScript; pygments-filename: MiniScript,
github.com/chrishwiggins/orly/990dc81d1b7cb228f57929a0b62c76de5b354cb2/screendump.asc,f98f1232bffeb2e9a413658573e1f0a07ca7521b,human: Unknown,human-smola: Unknown; linguist: AsciiDoc; pygments-filename: Public Key,
github.com/ckgyarmathy/debian_config/ca5f883bfe5e57218f6c62aa8528a53e011ffbcc/config_.i3,f645a70b04d572c3382ecb3fe8885e72f6b66291,human: Unknown,human-smola: Unknown; linguist: Modula-3; linguist-extension: Modula-3,i3 configuration
github.com/codeneomatrix/multics-history/09daeb08947c07f2be770e2da3db0a72a3541c70/source/Multics/ldd/system_library_tools/object/generate_cmf.ec,1f15797eb0fc3dd7eaeb14e0c653d41ff51cbf5d,human: Unknown,human-smola: Unknown; linguist: eC; linguist-extension: eC; pygments-filename: eC,
github.com/compomics/colims/4936195068337ba0c5236830f7f5f84e05d73ae5/colims-distributed/src/test/resources/data/maxquant/maxquant_SILAC_integration/combined/andromeda/allSpectra.CID.ITMS.iso_2.apl,81866a87f485fe52a9a8ed52a570be9e35fcddcd,human: Unknown,human-smola: Unknown; linguist: APL; linguist-extension: APL; pygments-filename: APL,
github.com/corywalker/expreduce/0a346d0d4ef1800bf7762f4cba0fb7e9cee0101a/expreduce/resources/time.m,1388ce1cb083efb71ee080ab3c76957ea2e830f9,human: Unknown,human-smola: Unknown; linguist: Wolfram Language; pygments-filename: Objective-C,
github.com/cswaroop/opl/7098061d01ac85d1a84f1580019ebb2b8597db3b/timetabling/timetabling.mod,b557c0386dfb0d8ee6d2e62498117731d60693be,human: Unknown,human-smola: Unknown; linguist: AMPL; pygments-filename: Modula-2,IBM ILOG Script / IBM OPL (AMPL-like)
github.com/cycyustc/isotracks/3d1f71b58af375db67f5cb8a77c879b50c702911/isotrack/mesa/MESA_KS_DB/ptcri_ovh0.20.ovhe0.50.z0.00555.y0.25409.HB,ac16220738ce4f54773d9c9ba67880e8d8e884b2,human: Unknown,human-smola: Unknown; linguist: Harbour; linguist-extension: Harbour,
github.com/danvratil/kde-sdk-images/ae9e971354debf8ddc58496f42ea130b5737e65d/packages/SOURCES/html.dcl,710e9e27e89b8a5b8f22773a80cec79a54cf90b4,human: Unknown,human-smola: Unknown; linguist: Clean; linguist-extension: Clean; pygments-filename: Clean,
github.com/darrenjw/smfsb/3bc38adcea5097812322599dd41d1d9511c62270/models/autoreg-3-1.mod,3045028a6ceef128f955ab5c217be1b776ecc1e6,human: Unknown,human-smola: Unknown; linguist: AMPL; pygments-filename: Modula-2,
github.com/derele/Eimeria_Lab/f98fbfd96a65bfd1c25cca068d36d2452b73c70c/data/3_recordingTables/E7_112018_Eim_RT-qPCRs/E7_112018_Eim_RT-qPCR_template.asy,e1112f2532600c4036f0ce66f34963d4a5347328,human: Unknown,human-smola: Unknown; linguist: Asymptote; linguist-heuristics: Asymptote; pygments-filename: Asymptote,epRealPlex Assay File V4
github.com/derele/Mouse_Eimeria_Databasing/1ce069d2b596e7ab037d44e07b070948df4fee65/data/Eimeria_detection/raw_qPCR/bavariaqPCR2015/raw/template0509plate2.asy,8b541f5f11957d7f470b5277b641b2d0c582d28c,human: Unknown,human-smola: Unknown; linguist: Asymptote; linguist-heuristics: Asymptote; pygments-filename: Asymptote,epRealPlex Assay File V4
github.com/doublec/shen-wasp/0792d0e019554b2788f883ac667454ff5ab83088/compiled/toplevel.kl.ms,9c897455336148dcbbbe75f1e191bd5b4d385297,human: Unknown,human-smola: Unknown; linguist: MAXScript; linguist-heuristics: MAXScript; pygments-filename: MiniScript,
github.com/ebladrocher/scriptinstall/c11dce8abf84246ad9c12975bd65f654ad392948/i3/ihotkeys.i3,702f73e1ba969e2dc5a8f388af3092ed94aa1d9a,human: Unknown,human-smola: Unknown; linguist: Modula-3; linguist-extension: Modula-3,i3 configuration
github.com/elpopisencio/.dotfiles/bdc87cc9b769e877b33712d3cdf1df642aced340/.i3,ba909c3315eecb7c62c8d0b90ba188b7fa9ee4ff,human: Unknown,human-smola: Unknown; linguist: Modula-3; linguist-extension: Modula-3,
github.com/ernell/ABB-RAPID-UTILITY-LIBRARY/8577ae71073b8547c7fc0cec620c92a1e5e37621/Contributions/LeeJustice/LEERULZ.mod,7162c707129c43b7335ebe9a0aaa770ff6767942,human: Unknown,human-smola: Unknown; linguist: AMPL; pygments-filename: Modula-2,
github.com/evilmartians/foundry-lib/9ab4ad8a5625c8c852e04adf8ce463b4c9320212/rtl/integer.fy,89c3f47ab19656d90af3f0953787b4a584cd730d,human: Unknown,human-smola: Unknown; linguist: Fancy; linguist-extension: Fancy; pygments-filename: Fancy,
github.com/fish-shell/fish-shell/ac2eed2ffa71aa6db08dad2ea6f6b0dd89f815d6/share/completions/iex.fish,1396db79a78042a298b0cae4e85f53e48efa8236,humans disagree,human-ajnavarro: Shell; human-smola: fish; linguist: fish; linguist-extension: fish; pygments-filename: fish,
github.com/frznlogic/ipsysctl-tutorial/0dda94cf007a68cd70d6c886de3e1acb6449d91d/styles/dsssl-stylesheets/dtds/decls/xml.dcl,fed210309215a3c7a8f447d85bdd9bca12ba5916,human: Unknown,human-smola: Unknown; linguist: Clean; linguist-extension: Clean; pygments-filename: Clean,
github.com/gazingatnavel/ucf-spring2017-cda3103-spim-project-tests/e132e36f07a3621751cd8981b5bfa717e6e8571c/test-spim-rtype.asc,2f5a1fe557efa018c07981e86b8bb5ec52901b0e,human: Unknown,human-smola: Unknown; linguist: AGS Script; pygments-filename: Public Key,
github.com/google/digitalassetlinks/d893749ee3c84b31f72b552a7ed333789c3235d3/compatibility-tests/v1/4000-query-matching/4300-check-relation.pb,a642e32a28d8e302df7fb20642b36d1c4613cead,human: Unknown,human-smola: Unknown; linguist: PureBasic; linguist-extension: PureBasic,
github.com/haggi/OpenMaya/746e0740f480d9ef8d2173f31b3c99b9b0ea0d24/src/mayaToCorona/mayaToCoronaExamples/scenes/simpleShadingNetwork.ma,048d031ab9d3e35cea292c84b90a5a6b08a5abb3,human: Unknown,human-smola: Unknown; linguist: Wolfram Language; linguist-extension: Wolfram Language; pygments-filename: Wolfram Language,
github.com/hpd/DigitalEmily/8bb2583fb41e40c58ee2da8bb7988732e2031624/maya/scenes/Emily_2_1_Lightstage_Cameras_Animated.ma,4e3dd0f39c798473e186921c03b514a7d0b922ff,human: Unknown,human-smola: Unknown; linguist: Wolfram Language; linguist-extension: Wolfram Language; pygments-filename: Wolfram Language,
github.com/hustlingchen/ALFM/ca32c2724d4df21d5abe4b9602f2351936a76561/model/alfm/Musical_Instruments/5.item.factor,02265da62b096afd1523bcbfa5a908a2881218b2,human: Unknown,human-smola: Unknown; linguist: Factor; linguist-extension: Factor; pygments-filename: Factor,
github.com/igorwfaoro/keyboard-autocomplete/4117bb813d46ad85f8aa4c1f16ba7f5695731822/data - Copia/keys.ik,42f101c474d4e5f070278184c080fc7b79b24931,human: Unknown,human-smola: Unknown; linguist: Ioke; linguist-extension: Ioke; pygments-filename: Ioke,
github.com/isabelangelo/mcfost/a5fa2d134db90e5c999ef91ece10b503b0817473/seds/reduced_seds/SSTTAUJ042021.4+281349_reduced.sed,440ebc2b4b21c33ea9bd14717696ff3d3f1f497e,human: Unknown,human-smola: Unknown; linguist: sed; linguist-extension: sed; pygments-filename: sed,
github.com/james101c/kafka-blend/a4045436cb16740a4825828a3c28d5ec8a230965/data/datatourney/development/tourney/200110/pdb/pdb.LOL,f04241c6608652dd862175b4006adfaf0851ed8a,human: Unknown,human-smola: Unknown; linguist: LOLCODE; linguist-extension: LOLCODE,
github.com/jgallowa07/SLiMSimulations/fda6455968359235cf4dcb443b3be4984708e3e3/MyRecipes1/MyRecipe9_0_1.E,93726f35599c634e29aa73a56908595e9881a853,human: Unknown,human-smola: Unknown; linguist: Eiffel,
github.com/jhmaloney/GP-Mods/36044f3cca7770c0b7f983c176b56926a8b72bcd/runtime/lib/Menu.gp,8a654c7a0ae0de432a4fc84980458da27204c11c,human: Unknown,human-smola: Unknown; linguist: Gnuplot; linguist-extension: Gnuplot,
github.com/jjlee/w3c-markup-validator-commandline/730033b1be7636b211d6163c229bbb138baa1a4a/etc/sgml-lib/REC-xhtml1-20000126/xhtml1.dcl,fed210309215a3c7a8f447d85bdd9bca12ba5916,human: Unknown,human-smola: Unknown; linguist: Clean; linguist-extension: Clean; pygments-filename: Clean,
github.com/jldbc/gunsandcrime/547aee98349ae2f9b9a2116cfe60ccfebc5c80e7/Moody Replication and Improvements.do,286fbd54908beb4930fcc2f49ef805a22cb01ec0,human: Unknown,human-ajnavarro: Unknown; linguist: Stata; linguist-extension: Stata; pygments-filename: Stata,
github.com/khagag/tiva_c_dynamic_drivers/97fccef2e18580c690883f1257c75eee2add9ea1/Release/tm4c123gh6pm_startup_ccs.rl,50e277a7a5ea7ccba69a5c7c02b17f8623457bc1,human: Unknown,human-smola: Unknown; linguist: Ragel; linguist-extension: Ragel; pygments-filename: Ragel,
github.com/khanhvu207/competitiveprogramming/5cc7b020c0fd64b6d84e4c0cba1256225803814b/CST 2019/Thầy Vinh/T13/CHAMTUAN13/debai/room/room.i3,939c1eb676796bdb9456350e46476e64d7370f1b,human: Unknown,human-smola: Unknown; linguist: Modula-3; linguist-extension: Modula-3,
github.com/klayoutmatthias/si4all/51bff19ee59377e46fc373b6c3b74fd153c6e53a/process.xs,80599622e03feed0ab6a85fc5cffefa838a348a0,human: Unknown,human-smola: Unknown; linguist: XS; linguist-extension: XS,
github.com/kragen/stoneknifeforth/67ae4f422d4b5740cf335c0894e80a007744f0d2/onescreen.tbf1,cee2998392cd73e931af03618d8e6295d9fdda61,human: Unknown,human-smola: Unknown,Forth-inspired toy language
github.com/lang-flags/de/10a6d633dd70807d9355cb59e619c5408e0c5c42/a.shen,83a1aa36086114da7911d76d28b370da6b30050e,human: Unknown,human-smola: Unknown; linguist: Shen; linguist-extension: Shen; pygments-filename: Shen,
github.com/lang-flags/fr/352067103548b749c7823914ced25865ce38b9b5/a.hb,83a1aa36086114da7911d76d28b370da6b30050e,human: Unknown,human-smola: Unknown; linguist: Harbour; linguist-extension: Harbour,
github.com/larzm42/dom4inspector/1f39fbc7fe94c2c81a7c82ce75a59b776b8a0c9b/mods/ExpandedMods/Globals/GuardiansOfTheDeep.dm,46427a54cc3cb55e0c8ed6bd92d173be83975cc2,human: Unknown,human-smola: Unknown; linguist: DM; linguist-extension: DM,
github.com/linboqiao/EEA/5b6ffa08d1972946d6941ac6b7ae57f9fe805dcc/limo-re/parser/bllip-parser/first-stage/DATA/EN/ru.g,3e77c3588ec4c10d9668724afafd017fd1b03902,human: Unknown,human-smola: Unknown; linguist: GAP; pygments-filename: GAP,
github.com/lisawray/fiftyshades/a316281545f88b212b6afdfa51e05e0cf3de74fe/50shades.pb,50e2d7c2fe8b81652f478aa507afc3ebc8962dc3,human: Unknown,human-smola: Unknown; linguist: PureBasic; linguist-extension: PureBasic,
github.com/llinaresvicent/dotfiles/535d7cb7512ed6c14a39bc0c78c44074a6476285/.i3,aa5315f722afc51113e7e580612341f68ddb1fa3,human: Unknown,human-smola: Unknown; linguist: Modula-3; linguist-extension: Modula-3,i3 configuration
github.com/luxe/unilang/749e8285ff61aed471f3b37ba2e4a05aa75cd7f7/source/code/utilities/graphics/imgui/ui/draw/text/str_to_bdf_segments.hcp,adb0ebf8546c3d1f00892e4c286ccbcf14dbd7a8,human: Unknown,human-smola: Unknown,
github.com/ma-ath/Amplificador-de-Potencia/eb5828dd4ff27abb62e4369cfa17e55c920f02dd/eletronica-iv-trabalho-PSpiceFiles/Trabalho/Trabalho.ALS,b59ed43567ac836170d1cba7835aff85223dd897,human: Unknown,human-smola: Unknown; linguist: Alloy; linguist-extension: Alloy,
github.com/madison-traynham/OrcadParts/538540ffc5a82af6ddb72910f4ea016fe017e2a0/pcb_lib/x7r_0603.caps.dcl,9f7648698276f97dc9b157868752fb6d1c881c2d,human: Unknown,human-smola: Unknown; linguist: Clean; linguist-extension: Clean; pygments-filename: Clean,
github.com/magnesium-lang/scratch/126aac1e82f033f387cc4b0ed74ffc1e23a7797e/scratch.mg,7ef3f9aeac057a7f9883f6f2f7aa8736493413e2,human: Unknown,human-smola: Unknown; linguist: Modula-3; linguist-extension: Modula-3,
github.com/mandosrex/AoE3ImpMod_Base/69b6d477f39f45f54689d0b6104d544756248924/RMM/sonoraLarge.xs,1172967b79796714874ca69bd070826b708b4a21,human: Unknown,human-smola: Unknown; linguist: XS; linguist-extension: XS,
github.com/matej-macak/Neuron_Vagrant/1d40cea1b931629bac4fd53d064d753b21e7ceea/Python3.4/Mods/h.mod,272bf26409d5ce271c626634946d59288fc30fb2,human: Unknown,human-smola: Unknown; linguist: AMPL; pygments-filename: Modula-2,NEURON MODL
github.com/materialsvirtuallab/snap/d2b9c3c618cc3a808ca2f8cc3267211b98105226/Mo/usage/elastic_example/displace.mod,9664fa8d0d4377efda6664b9dc5a8fe10a42f8a1,human: Unknown,human-smola: Unknown; linguist: AMPL; pygments-filename: Modula-2,LAMMPS
github.com/mcimini/GradualizerDynamicSemantics/c013ae31547a81e5214e0fa39c1999b86c9a0ca4/GradualFpl_mechanized_proofs/fpl.mod,e52a80fa94f354f9675f903cf706d44626574e58,human: Unknown,human-smola: Unknown; linguist: AMPL; pygments-filename: Modula-2,
github.com/mcimini/TypeSoundnessCertifier/321d1367339421b650557eb3b1745995fde4a369/repo/stlc_par_letrecWithType.mod,547544bdaf3ea394c96d706e4f28be9c9118050c,human: Unknown,human-ajnavarro: Unknown; linguist: AMPL; pygments-filename: Modula-2,
github.com/mehmetharas/banner/8256889bbdfc82ea8af84ff4386bb7eaf2f9d348/BANNER.FY,67352b2738981317be48bb5ae9c1f15414668af8,human: Unknown,human-smola: Unknown; linguist: Fancy; linguist-extension: Fancy,
github.com/menski/dotfiles-old/2bf5eea12ad781f78a063e1f0941e0673c9c7a93/xorg/.Xresources.color.self,38ed241979670e92e460c72ed66083c9224f479d,human: Unknown,human-smola: Unknown; linguist: Self; linguist-extension: Self,
github.com/mmariani/tamc.pas/e54b3d7427422d6b6daf5a88c08bdb752f720bff/gnuchess.boo,0650c7881cd5b4065e28f6fd7fc76493d5377ba8,human: Unknown,human-smola: Unknown; linguist: Boo; linguist-extension: Boo; pygments-filename: Boo,
github.com/mne-tools/mne-testing-data/cc40c2964c81c83b9af317fc3cf9a9634a05f095/CTF/testdata_ctf_mc.ds/testdata_ctf_mc.hc,728327fdbc05f8338729364a4de71c3aaac49d7d,human: Unknown,human-smola: Unknown; linguist: HolyC; linguist-extension: HolyC,
github.com/mozilla-services/screenshots/33eeff19d361e2a12f5474cf9a0d5ef409082c99/locales/zh-TW/server.ftl,ae2be7fb24c140ed502ef28bd7c259837675317d,human: Unknown,human-smola: Unknown; linguist: Fluent; linguist-heuristics: Fluent,
github.com/mozilla/blurts-server/39de9a07442a3c0e4240c22066fcc3cf817f2104/locales/zh-TW/bento.ftl,02bf9e5007b6810e1c659d86f0f9dc1cfdadc371,human: Unknown,human-smola: Unknown; linguist: Fluent; linguist-heuristics: Fluent,
github.com/nilp0inter/dotfiles/2af9e96e19cd23e5d22d316704ba1bd8adfd9254/.i3,4d74db405a7ba0ae062a39272f9bbd89f9f297b2,human: Unknown,human-smola: Unknown; linguist: Modula-3; linguist-extension: Modula-3,i3 configuration
github.com/onnx/onnx/e108da9a9a9916880ca7d1a0cfff96637921212c/onnx/backend/test/data/node/test_slice/test_data_set_0/output_0.pb,ab98615155ab0d82ad7fa8e2ddc3c722c0020750,human: Unknown,human-smola: Unknown; linguist: PureBasic; linguist-extension: PureBasic,
github.com/oscfdezdz/Dotfiles-WIP/fbcb800a377c3c7ae85bec90f038e54cc500a44b/config.i3,083d8897d5b6f8bce4423f3e0ad4000b5754c319,human: Unknown,human-smola: Unknown; linguist: Modula-3; linguist-extension: Modula-3,i3 configuration
github.com/pengdev/home-networking/9dd139aed3ee3bd5caa0c3dec1218d88e104bf88/data/build/tmp/oneMoreTime_dlna_android_bw_700k/traffic_long.xpl,34da810f7bb757162913621816d44bb285dcc108,human: Unknown,human-smola: Unknown; linguist: XProc; linguist-extension: XProc; pygments-filename: XSLT,
github.com/plotnick/clweb/4c736b4c8b4c0afbdd939eefbcb986c16c24c1e3/test.clw,467df7f4a34a1767cfa5c0b72e0356884d80c1b3,human: Unknown,human-smola: Unknown; linguist: Clarion; linguist-extension: Clarion,
github.com/potassco/asprilo-encodings/0bd438fe8b25df11bd33926490729b817f1550d2/abc/quantities.clp,0a411ff48f9f36e8aba62eb8a635a9d95d376d97,human: Unknown,human-smola: Unknown; linguist: CLIPS; linguist-extension: CLIPS,
github.com/potatoHVAC/dotfiles/4c0b80418453bbcd9679762d088b371ee1c4723b/.i3,519a8b712b9ef2aad011277a08839ed38f8c170f,human: Unknown,human-smola: Unknown; linguist: Modula-3; linguist-extension: Modula-3,i3 configuration
github.com/probe-scope/Probe-Scope-PCB/f5a3add610575115ad71bc815e6f6577f5d11894/Project Outputs for Probe-Scope v1.0/Probe-Scope v1.0.G4,2a5798eb1aa9005bf69be075b73c8f16eebba483,human: Unknown,human-ajnavarro: Unknown; linguist: ANTLR; linguist-extension: ANTLR,
github.com/procaconsul/sociologic/dcec734783f92ad04d118376131f162fddf55670/experiments/narrow-passage-one-person.las,3081eddbbc12336cdc4292c53cbfde7dcd268c8f,human: Unknown,human-smola: Unknown; linguist: Lasso; linguist-extension: Lasso; pygments-filename: XML+Lasso,
github.com/proofcert/fpccheck/6de59990bfb7762f869e0d3a4c5d0fad453a86c2/fpc/lprolog/pair.mod,d204e0037a9ff3dc797541a535d5854c811a1902,human: Unknown,human-smola: Unknown; linguist: AMPL; pygments-filename: Modula-2,
github.com/quillford/config/9e482da34d4dc835d34305db773e82752cc26925/.i3,0944d22427429b16d204a56ec1a03144825986f4,human: Unknown,human-smola: Unknown; linguist: Modula-3; linguist-extension: Modula-3,i3 configuration
github.com/ramonsaraiva/cfg/41a14360bb7bda3f1689a90ea2c109059796116f/.i3,7448f6c7032ef25a5e34e51c9aa9dda638a6d81a,human: Unknown,human-smola: Unknown; linguist: Modula-3; linguist-extension: Modula-3,i3 configuration
github.com/rehnd/MoS2-band-structure/56a90b1384cccb63bc4cfe6747077c38cc3526cc/espresso/electron/4-plotbands/MoS2-2H.bands.dat.gnu,8304eb21916bf878b876076b284bbb3a7be35c3a,human: Unknown,human-smola: Unknown; linguist: Gnuplot; linguist-extension: Gnuplot,
github.com/robinhouston/wdg-html-validator/9694889302d12e6bb1a78f65e145af4d2ccd3ec8/root/usr/local/share/sgml/declaration/xml1n.dcl,e07da1960ecce8812d9b4fe99ca2d2a7e5171d9b,human: Unknown,human-smola: Unknown; linguist: Clean; linguist-extension: Clean; pygments-filename: Clean,
github.com/rolledback/regionadjacency/42e3bbdb38ea3f194ad11b0e2d89b5fde3b63336/test.boo,e27f66cf7256854f0858bf185fb96441eb49c46b,human: Unknown,human-smola: Unknown; linguist: Boo; linguist-extension: Boo; pygments-filename: Boo,
github.com/rricharz/Tek4010/0efbc2e783efe4f88375f07af6172c3cb437045b/pltfiles/More_pltfiles/msdusa.plt,c8ab464c966c9d36656247404329ab4b2b9f8569,human: Unknown,human-smola: Unknown; linguist: Gnuplot; linguist-extension: Gnuplot; pygments-filename: Gnuplot,
github.com/sbsdev/sbs-braille-tables/ad8b4d3b898d228cce81d72ac2e8038d931db747/tables/sbs-de-g2-name.mod,047b79f47145e53fb2c0161dded75c4d588c5b12,human: Unknown,human-smola: Unknown; linguist: AMPL; pygments-filename: Modula-2,SBS modules
github.com/sciguy14/Eagle-Tutorial-Series/2683c0f2b7aaacc525c2180436f6940eb952dfe4/02 Layout/blinky.pro,15588eee3443d1f24319e5bae309fc83c739f9cd,human: Unknown,human-smola: Unknown; linguist: Prolog; pygments-filename: Prolog,EAGLE AutoRouter Statistics
github.com/sctb/lumen/2d272b2cc78b23b0b23a69a08fc625240e545ebc/main.l,743303a025399e49afac4c51e66a66bac584d29a,human: Unknown,human-ajnavarro: Unknown; human-smola: Unknown; linguist: Common Lisp,
github.com/sebschub/FontPro/165b4a7d11ad34b64d7457ee6d51af4875e0bf14/fontinst/MyriadPro/MnSymbolF5.pl,761f371298984dd20a75feedeca7f90657021c68,human: Unknown,human-smola: Unknown; linguist: Prolog; pygments-filename: Prolog,TeX Font Metrics (pl - Property List format)
github.com/shanhuio/smlos/9f7de31d7ba9a97dad1ecb54583c8d3702663165/sync/join.g,3bfbf42a87a69893c3f74eda2138e7266df0b4b5,human: Unknown,human-smola: Unknown; linguist: GAP; pygments-filename: GAP,"Toy language (G / Small VM), subset of Go."
github.com/shihyu/MyTool/541771d9bc10d32a54baa48eb62992b4bcb9353f/mybin/se/macros/ctviews.e,11b83857567f1edca34906570292b8af90522640,human: Unknown,human-smola: Unknown; linguist: Eiffel; linguist-heuristics: Eiffel; pygments-filename: Eiffel,
github.com/shsdev/arc2warc-hadoop/96e624592deaa1cf355a27772032bd0206dc6ce5/src/test/resources/arc-dedup/2-metadata-1.arc,10e8e4dc6a97749b9051d31d3d2cfa9c4d4e3a98,human: Unknown,human-smola: Unknown; linguist: Arc; linguist-extension: Arc,
github.com/sredmond/stanford-karel/0cd5e64cbc9cd5930bddaacaf8bc0b175fd3e26c/worlds/StoneMasonSmall.w,ba240a0ae5aa27098def0618a682167dd959fa28,human: Unknown,human-smola: Unknown; linguist: OpenEdge ABL,
github.com/sriniiyer/nl2sql/652edf4814dce2cddf1661e05a18602161c65e8f/data/geo/geo_train.nl,67b0e1dace0cf4c647413dd41a68437af3ffb7e7,human: Unknown,human-smola: Unknown; linguist: NewLisp; linguist-heuristics: NewLisp; pygments-filename: NewLisp,
github.com/stipub/stixfonts/73d7c426993abacea44288aded4e81b568d57ed1/archive/STIXv2.0.0/Type1/fonts/source/public/stix2/stix2-mathrm.pl,205a6d1a14bd59bffdf35f8ede6ef3088b5018f3,human: Unknown,human-smola: Unknown; linguist: Prolog; pygments-filename: Prolog,TeX Font Metrics (pl - Property List format)
github.com/superpomme/DoomZ/b9308844cdc80351e6ed6b30dfa4d002fdb17e18/TEXTURES.aug,633508d3e253df4d1611e6e362ec9e9283d9714f,human: Unknown,human-smola: Unknown; linguist: Augeas; linguist-extension: Augeas; pygments-filename: Augeas,
github.com/takano32/selfevaluck/db001a1dfc5ac041c85d13d8467b0ff02cbd9d41/hello.ms,601f2d897db0b401ad822457fc8967dce8d7621e,human: Unknown,human-smola: Unknown; linguist: MAXScript; linguist-heuristics: MAXScript; pygments-filename: MiniScript,
github.com/texmacs/texmacs/106de6e055fd0b3054e7a1246fef42535680ec51/TeXmacs/doc/main/text/man-structure.zh.tm,f6e40eb18443c4dfcc486b73c089ba319c138103,human: Unknown,human-ajnavarro: Unknown; linguist: Tcl; linguist-extension: Tcl,
github.com/ti-cortex-m4/devices/01001b79425c7d6e4d99d4429d674ac5b5a60f61/nzif/программы/WTune/repiter/CONTRO2.TU,05f3a955730010879a354b6e2243c8ff39114126,human: Unknown,human-smola: Unknown; linguist: Turing; linguist-extension: Turing,
github.com/tommybennett/slickc/e53694b21f15d0695b2b6e1e37dd2a0931936bb8/cpp/make_func.e,05801170891a0018b0410177db8862a496d9b249,human: Unknown,human-smola: Unknown; linguist: Eiffel; pygments-filename: Eiffel,
github.com/trajanrx/dotfiles/c22ad938f2243dfd8eff26a93fcde03d51fa1789/.i3,e8a4a28e1375aafab88673125c2570446f135e08,human: Unknown,human-smola: Unknown; linguist: Modula-3; linguist-extension: Modula-3,
github.com/tushar-97/Convex-Hull/2cbb53ed5b687793b593d7c0a959ece86896a15b/Test Cases/Test Case 5/hull_5.ch,c3aa50a887585e47e48c54a12936ffb951283abf,human: Unknown,human-smola: Unknown; linguist: xBase,
github.com/unforswearing/applescript/7ecc04d1b2fc1192259e1f1f65abc9c59b02cb4a/Application Services/AppWatcher.applescript,2417ee0c73e4832764d97513ed65cbf95b28ac01,human: Unknown,human-smola: Unknown; linguist: AppleScript; linguist-extension: AppleScript; pygments-filename: AppleScript,
github.com/utoh/pygmy-forth/21d555e1592ed266f3156d2a62e75a553cdbf9bf/ed.scr,39540d0f027224a972dacbff62f320b81f435c89,vote: Unknown,,
github.com/wasplang/std/44a681aaca4c1f30287c9a41ecda48ccfff47ac2/strings.w,6571a43aabb166464d38b369e0ba327a189c98b5,human: Unknown,human-ajnavarro: Unknown; linguist: CWeb,
github.com/wensir365/pkugcm/aee29d92cbba29d1f2f222ecdb8e5cbde0789651/ppp/N032_surf_0134.sra,d764da48ea33c6415e4729873a780c5dee38a0b9,human: Unknown,human-smola: Unknown; linguist: PowerBuilder; linguist-extension: PowerBuilder,
github.com/wolfgangj/okami/7b44509d36d1e61be05935f1e02e22286e79d929/lib/log.ok,3689dd5edf1ee52f92c4744ea972977f98df2de4,vote: Unknown,,
github.com/yanghaoqin/1-16_RF_PWR_DIV/5316812a7f701bc9aec36a8e75d7528a98e09efb/bestsave.w,c5d04707c8f34cd3391f30a556c751f3a604f6e5,human: Unknown,human-smola: Unknown; linguist: CWeb,
github.com/yuechenglei/VastChallenge2006/2e0c9c175e18133f470fc5ae4943f68a1ce933bf/static/news-processed/1101163520244.txt.p.NE,bb044a6c26e478f570277dd7ad964a828c71e68c,human: Unknown,human-smola: Unknown; linguist: Nearley; linguist-extension: Nearley,Text annotated with name entity tags
