# language-dataset's labels (4d1827d) → Linguist's names at 76f88c6; synonyms only (how: exact | alias | manual | none); generated by build_cases.py
source_label,linguist,how,note
ABAP,ABAP,exact,
ActionScript,ActionScript,exact,
Ada,Ada,exact,
Agda,Agda,exact,
AGS Script,AGS Script,exact,
Alloy,Alloy,exact,
AMPL,AMPL,exact,
AngelScript,AngelScript,exact,
ANTLR,ANTLR,exact,
Apex,Apex,exact,
API Blueprint,API Blueprint,exact,
APL,APL,exact,
Apollo Guidance Computer,Apollo Guidance Computer,exact,
AppleScript,AppleScript,exact,
Arc,Arc,exact,
ASP.NET,ASP.NET,exact,
AspectJ,AspectJ,exact,
Assembly,Assembly,exact,
Asymptote,Asymptote,exact,
ATS,ATS,exact,
Augeas,Augeas,exact,
AutoHotkey,AutoHotkey,exact,
AutoIt,AutoIt,exact,
Awk,Awk,exact,
Ballerina,Ballerina,exact,
Batchfile,Batchfile,exact,
BCPL,,none,no Linguist language in the dataset's meta.yml
Befunge,Befunge,exact,
BlitzMax,BlitzMax,exact,
Boo,Boo,exact,
Brainfuck,Brainfuck,exact,
Brightscript,Brightscript,exact,
C,C,exact,
C#,C#,exact,
C++,C++,exact,
Ceylon,Ceylon,exact,
Chapel,Chapel,exact,
ChucK,ChucK,exact,
Clarion,Clarion,exact,
Classic ASP,Classic ASP,exact,
Clean,Clean,exact,
CLIPS,CLIPS,exact,
Clojure,Clojure,exact,
CMake,CMake,exact,
COBOL,COBOL,exact,
CoffeeScript,CoffeeScript,exact,
ColdFusion,ColdFusion,exact,
ColdFusion CFC,ColdFusion CFC,exact,
Common Lisp,Common Lisp,exact,
Common Workflow Language,Common Workflow Language,exact,
Coq,Rocq Prover,alias,renamed in Linguist: Coq → Rocq Prover
Crystal,Crystal,exact,
CSS,CSS,exact,
CSV,CSV,exact,
CUDA,Cuda,alias,
CWeb,CWeb,exact,
Cycript,Cycript,exact,
D,D,exact,
Dart,Dart,exact,
DataWeave,DataWeave,exact,
Diff,Diff,exact,
DM,DM,exact,
DNS Zone,DNS Zone,exact,
Dockerfile,Dockerfile,exact,
Dogescript,Dogescript,exact,
Dylan,Dylan,exact,
E,E,exact,
eC,eC,exact,
ECL,ECL,exact,
Eiffel,Eiffel,exact,
Elixir,Elixir,exact,
Elm,Elm,exact,
Emacs Lisp,Emacs Lisp,exact,
EQ,EQ,exact,
Erlang,Erlang,exact,
Euphoria,Euphoria,exact,
F#,F#,exact,
Factor,Factor,exact,
Fancy,Fancy,exact,
Fantom,Fantom,exact,
Fluent,Fluent,exact,
Forth,Forth,exact,
Fortran,Fortran,exact,the dataset's label groups Fortran and Fortran Free Form: all accepted
FreeMarker,FreeMarker,exact,
Frege,Frege,exact,
G-code,G-code,exact,
GAP,GAP,exact,
GDScript,GDScript,exact,
Genshi,Genshi,exact,
GLSL,GLSL,exact,
Glyph,Glyph,exact,
Gnuplot,Gnuplot,exact,
Go,Go,exact,
Golo,Golo,exact,
Gosu,Gosu,exact,
Gosu Template,,none,no Linguist language in the dataset's meta.yml
Grace,Grace,exact,
Groovy,Groovy,exact,
Hack,Hack,exact,
Handlebars,Handlebars,exact,
Harbour,Harbour,exact,
Haskell,Haskell,exact,
Haxe,Haxe,exact,
HiveQL,HiveQL,exact,
HolyC,HolyC,exact,
HTML,HTML,exact,
Hy,Hy,exact,
IDL,IDL,exact,
Idris,Idris,exact,
IGOR Pro,IGOR Pro,exact,
INI,INI,exact,
Io,Io,exact,
Ioke,Ioke,exact,
J,J,exact,
Java,Java,exact,
JavaScript,JavaScript,exact,
JSON,JSON,exact,
Jsonnet,Jsonnet,exact,
Julia,Julia,exact,
Jupyter Notebook,Jupyter Notebook,exact,
KiCad Layout,KiCad Layout,exact,
Kit,Kit,exact,
KoLMafia ASH,KoLmafia ASH,alias,a Linguist language since v7.22.0
Kotlin,Kotlin,exact,
LabVIEW,LabVIEW,exact,
Lasso,Lasso,exact,
LFE,LFE,exact,
Limbo,Limbo,exact,
Liquid,Liquid,exact,
Literate Agda,Literate Agda,exact,
Literate CoffeeScript,Literate CoffeeScript,exact,
Literate Idris,,none,Literate Idris is no longer a Linguist language
LiveScript,LiveScript,exact,
LLVM,LLVM,exact,
Logtalk,Logtalk,exact,
LOLCODE,LOLCODE,exact,
LSL,LSL,exact,
LTspice Symbol,LTspice Symbol,exact,
Lua,Lua,exact,
M4,M4,exact,
M4Sugar,M4Sugar,exact,
Makefile,Makefile,exact,
Markdown,Markdown,exact,
MATLAB,MATLAB,exact,
MAXScript,MAXScript,exact,
Mercury,Mercury,exact,
Mirah,Mirah,exact,
Modula-2,Modula-2,exact,
Modula-3,Modula-3,exact,
Monkey,Monkey,exact,
Nearley,Nearley,exact,
Nemerle,Nemerle,exact,
NetLinx,NetLinx,exact,
NetLogo,NetLogo,exact,
NewLisp,NewLisp,exact,
Nim,Nim,exact,
Nit,Nit,exact,
Nix,Nix,exact,
NSIS,NSIS,exact,
Objective-C,Objective-C,exact,
Objective-C++,Objective-C++,exact,
OCaml,OCaml,exact,
ooc,ooc,exact,
Opa,Opa,exact,
Opal,Opal,exact,
OpenEdge ABL,OpenEdge ABL,exact,
OpenSCAD,OpenSCAD,exact,
Oxygene,Oxygene,exact,
Oz,Oz,exact,
Pascal,Pascal,exact,
Perl,Perl,exact,
PHP,PHP,exact,
PicoLisp,PicoLisp,exact,
Pike,Pike,exact,
PL/pgSQL,PLpgSQL,alias,
PL/SQL,PLSQL,alias,
Pony,Pony,exact,
PostScript,PostScript,exact,
POV-Ray SDL,POV-Ray SDL,exact,
PowerBuilder,PowerBuilder,exact,
PowerShell,PowerShell,exact,
Processing,Processing,exact,
Proguard,Proguard,exact,
Prolog,Prolog,exact,
PureBasic,PureBasic,exact,
PureScript,PureScript,exact,
Python,Python,exact,
q,q,exact,
QMake,QMake,exact,
QML,QML,exact,
R,R,exact,
Racket,Racket,exact,
Ragel,Ragel,exact,
Raku,Raku,exact,
Rascal,Rascal,exact,
REALbasic,REALbasic,exact,
Reason,Reason,exact,
Rebol,Rebol,exact,
Red,Red,exact,
RenderScript,RenderScript,exact,
reStructuredText,reStructuredText,exact,
REXX,REXX,exact,
Ring,Ring,exact,
Roff,Roff,exact,
RouterOS Script,RouterOS Script,exact,
Ruby,Ruby,exact,
Rust,Rust,exact,
SAS,SAS,exact,
Scala,Scala,exact,
Scheme,Scheme,exact,
Scilab,Scilab,exact,
SCSS,SCSS,exact,
sed,sed,exact,
Self,Self,exact,
ShaderLab,ShaderLab,exact,
Shell,Shell,exact,
Shen,Shen,exact,
Slice,Slice,exact,
Smalltalk,Smalltalk,exact,
SQL,SQL,exact,
SQLPL,SQLPL,exact,
Squirrel,Squirrel,exact,
Stata,Stata,exact,
SuperCollider,SuperCollider,exact,
SVG,SVG,exact,
Swift,Swift,exact,
SystemVerilog,SystemVerilog,exact,
Tcl,Tcl,exact,
Terra,Terra,exact,
Text,Text,exact,
TLA,TLA,exact,
TSQL,TSQL,exact,
TSX,TSX,exact,
Turing,Turing,exact,
TXL,TXL,exact,
TypeScript,TypeScript,exact,
Unix Assembly,Unix Assembly,exact,
Unknown,,none,not a language
V,V,exact,
Vala,Vala,exact,
Verilog,Verilog,exact,
VHDL,VHDL,exact,
Vim Script,Vim script,alias,renamed in Linguist: Vim Script → Vim script
Visual Basic,,none,no Linguist language in the dataset's meta.yml
Visual Basic .NET,Visual Basic .NET,exact,
WebAssembly,WebAssembly,exact,
WebIDL,WebIDL,exact,
Wolfram Language,Wolfram Language,exact,renamed in Linguist: Mathematica → Wolfram Language
Wollok,Wollok,exact,
xBase,xBase,exact,
XC,XC,exact,
XML,XML,exact,
Xojo,Xojo,exact,
XProc,XProc,exact,
XQuery,XQuery,exact,
XS,XS,exact,
XSLT,XSLT,exact,
YAML,YAML,exact,
YASnippet,YASnippet,exact,
Zephir,Zephir,exact,
ZIL,ZIL,exact,
Zimpl,Zimpl,exact,
