# Rouge lexer title (16e6ecd) → Linguist name(s) (76f88c6); how: exact | alias | manual | none. Synonyms only (a dialect or a broader/narrower language is not mapped); generated by build_cases.py
source_label,linguist,how,source_id,cases
.properties,Java Properties,manual,properties,2
1C (BSL),1C Enterprise,manual,bsl,2
ABAP,ABAP,exact,abap,2
ActionScript,ActionScript,exact,actionscript,2
Ada,Ada,exact,ada,2
AddmusicK,,none,addmusick,2
Apache,ApacheConf,alias,apache,1
Apex,Apex,exact,apex,2
API Blueprint,API Blueprint,exact,apiblueprint,1
AppleScript,AppleScript,exact,apple_script,2
ArmAsm,,none,armasm,2
Augeas,Augeas,exact,augeas,2
Awk,Awk,exact,awk,2
Batchfile,Batchfile,exact,batchfile,2
BBCBASIC,,none,bbcbasic,2
BibTeX,BibTeX,exact,bibtex,2
Bicep,Bicep,exact,bicep,2
BIML,,none,biml,1
BPF,,none,bpf,2
Brainfuck,Brainfuck,exact,brainfuck,2
BrightScript,Brightscript,exact,brightscript,2
C,C,exact,c,2
C#,C#,exact,csharp,2
C++,C++,exact,cpp,2
Ceylon,Ceylon,exact,ceylon,2
CFScript,,none,cfscript,2
Cisco IOS,,none,cisco_ios,2
Clean,Clean,exact,clean,2
Clojure,Clojure,exact,clojure,2
CMake,CMake,exact,cmake,2
CMHG,,none,cmhg,2
COBOL,COBOL,exact,cobol,2
CODEOWNERS,CODEOWNERS,exact,codeowners,2
CoffeeScript,CoffeeScript,exact,coffeescript,2
Common Lisp,Common Lisp,exact,common_lisp,2
Config File,,none,conf,2
Console,ShellSession,alias,console,2
Crystal,Crystal,exact,crystal,2
CSS,CSS,exact,css,2
csvs,,none,csvs,2
CUDA,Cuda,exact,cuda,2
Cypher,Cypher,exact,cypher,2
Cython,Cython,exact,cython,2
D,D,exact,d,2
Dafny,Dafny,exact,dafny,2
Dart,Dart,exact,dart,2
Datastudio,,none,datastudio,2
diff,Diff,exact,diff,2
digdag,,none,digdag,2
Docker,Dockerfile,manual,docker,2
DOT,Graphviz (DOT),manual,dot,2
Dylan,Dylan,exact,dylan,2
ECL,ECL,exact,ecl,2
EEX,HTML+EEX,alias,eex,2
Eiffel,Eiffel,exact,eiffel,2
Elixir,Elixir,exact,elixir,2
Elm,Elm,exact,elm,2
Email,E-mail,exact,email,2
EPP,,none,epp,2
ERB,HTML+ERB,alias,erb,2
Erlang,Erlang,exact,erlang,2
Factor,Factor,exact,factor,2
Fluent,Fluent,exact,fluent,2
Fortran,Fortran,exact,fortran,2
FreeFEM,,none,freefem,2
FSharp,F#,alias,fsharp,2
GDScript,GDScript,exact,gdscript,2
GHC Cmm (C--),,none,ghc-cmm,2
GHC Core,,none,ghc-core,2
Gherkin,Gherkin,exact,gherkin,2
GLSL,GLSL,exact,glsl,2
Go,Go,exact,go,2
Gradle,Gradle,exact,gradle,2
Graphql,GraphQL,exact,graphql,2
Groovy,Groovy,exact,groovy,2
Hack,Hack,exact,hack,2
Haml,Haml,exact,haml,2
Handlebars,Handlebars,exact,handlebars,2
Hashicorp Configuration Language,HCL,alias,hcl,2
Haskell,Haskell,exact,haskell,2
Haxe,Haxe,exact,haxe,2
HLSL,HLSL,exact,hlsl,2
HOCON,HOCON,exact,hocon,2
HQL,HiveQL,manual,hql,2
HTML,HTML,exact,html,2
HTTP,HTTP,exact,http,2
HyLang,Hy,alias,hylang,2
IDL,IDL,exact,idlang,2
Idris,Idris,exact,idris,2
IEC 61131-3 Structured Text,,none,iecst,2
IgorPro,IGOR Pro,exact,igorpro,2
INI,INI,exact,ini,2
Io,Io,exact,io,2
Isabelle,Isabelle,exact,isabelle,2
ISBL,,none,isbl,2
J,J,exact,j,2
Janet,Janet,exact,janet,2
Java,Java,exact,java,2
JavaScript,JavaScript,exact,javascript,2
Jinja,Jinja,exact,jinja,2
jq,jq,exact,jq,2
JSL,,none,jsl,2
JSON,JSON,exact,json,2
JSON 5,JSON5,exact,json5,2
Json-doc,,none,json-doc,2
Jsonnet,Jsonnet,exact,jsonnet,2
Jsp,Java Server Pages,alias,jsp,2
JSX,,none,jsx,2
Julia,Julia,exact,julia,2
KickAssembler,,none,kick_assembler,2
Kotlin,Kotlin,exact,kotlin,2
Lasso,Lasso,exact,lasso,2
Lean,Lean,exact,lean,2
Liquid,Liquid,exact,liquid,2
Literate CoffeeScript,Literate CoffeeScript,exact,literate_coffeescript,2
Literate Haskell,Literate Haskell,exact,literate_haskell,2
LiveScript,LiveScript,exact,livescript,2
LLVM,LLVM,exact,llvm,2
Lua,Lua,exact,lua,2
Lustre,,none,lustre,2
Lutin,,none,lutin,2
M68k,Motorola 68K Assembly,alias,m68k,2
Magik,,none,magik,2
Make,Makefile,alias,make,2
Markdown,Markdown,exact,markdown,2
Mason,,none,mason,2
Mathematica,Wolfram Language,alias,mathematica,2
MATLAB,MATLAB,exact,matlab,2
Meson,Meson,exact,meson,1
MessageTrans,,none,msgtrans,2
MiniZinc,MiniZinc,exact,minizinc,2
Mojo,Mojo,exact,mojo,2
MoonScript,MoonScript,exact,moonscript,2
Mosel,,none,mosel,2
MXML,,none,mxml,2
Nasm,Assembly,alias,nasm,2
NesAsm,,none,nesasm,2
nginx,Nginx,exact,nginx,2
Nial,,none,nial,2
Nim,Nim,exact,nim,2
Nix,Nix,exact,nix,2
Objective-C,Objective-C,exact,objective_c,2
Objective-C++,Objective-C++,exact,objective_cpp,2
OCaml,OCaml,exact,ocaml,2
OCL,,none,ocl,2
OpenEdge ABL,OpenEdge ABL,exact,openedge,2
OpenType Feature File,OpenType Feature File,exact,opentype_feature_file,2
P4,P4,exact,p4,2
Pascal,Pascal,exact,pascal,2
PDF,,none,pdf,2
Perl,Perl,exact,perl,2
PHP,PHP,exact,php,2
Plist,OpenStep Property List,manual,plist,2
PLSQL,PLSQL,exact,plsql,2
Pony,Pony,exact,pony,2
PostScript,PostScript,exact,postscript,2
powershell,PowerShell,exact,powershell,2
Praat,Praat,exact,praat,2
Prolog,Prolog,exact,prolog,2
Prometheus,,none,prometheus,2
Protobuf,Protocol Buffer,alias,protobuf,2
Puppet,Puppet,exact,puppet,2
Python,Python,exact,python,2
Q,q,exact,q,2
QML,QML,exact,qml,2
R,R,exact,r,2
Racket,Racket,exact,racket,2
ReasonML,Reason,manual,reasonml,2
Rego,Open Policy Agent,manual,rego,2
ReScript,ReScript,exact,rescript,2
RML,,none,rml,2
Robot Framework,RobotFramework,exact,robot_framework,2
Rocq,Rocq Prover,alias,rocq,2
Ruby,Ruby,exact,ruby,2
Rust,Rust,exact,rust,2
SAS,SAS,exact,sas,2
Sass,Sass,exact,sass,2
Scala,Scala,exact,scala,2
Scheme,Scheme,exact,scheme,2
SCSS,SCSS,exact,scss,2
sed,sed,exact,sed,2
shell,Shell,exact,shell,2
Sieve,Sieve,exact,sieve,2
Slice,Slice,exact,slice,2
Slim,Slim,exact,slim,2
Smalltalk,Smalltalk,exact,smalltalk,2
Smarty,Smarty,exact,smarty,2
SML,Standard ML,alias,sml,2
SPARQL,SPARQL,exact,sparql,2
SQF,SQF,exact,sqf,2
SQL,SQL,exact,sql,2
SSH Config File,SSH Config,manual,ssh,2
Stan,Stan,exact,stan,2
Stata,Stata,exact,stata,2
SuperCollider,SuperCollider,exact,supercollider,2
Svelte,Svelte,exact,svelte,2
Swift,Swift,exact,swift,2
Systemd,,none,systemd,2
Syzlang,,none,syzlang,2
Syzprog,,none,syzprog,1
Tcl,Tcl,exact,tcl,2
Template Tag (gjs),Glimmer JS,alias,gjs,2
Template Tag (gts),Glimmer TS,alias,gts,2
Terraform,HCL,alias,terraform,2
TeX,TeX,exact,tex,2
Thrift,Thrift,exact,thrift,2
TOML,TOML,exact,toml,2
TSX,TSX,exact,tsx,2
TTCN3,,none,ttcn3,2
Tulip,,none,tulip,2
Turtle/TriG,Turtle,exact,turtle,2
Twig,Twig,exact,twig,2
TypeScript,TypeScript,exact,typescript,2
Vala,Vala,exact,vala,2
VCL: Varnish Configuration Language,VCL,exact,vcl,2
Velocity,Velocity Template Language,alias,velocity,2
Verilog and System Verilog,Verilog;SystemVerilog,manual,verilog,2
Veryl,,none,veryl,2
VHDL 2008,VHDL,exact,vhdl,2
VimL,Vim script,alias,viml,2
Visual Basic,Visual Basic .NET,alias,vb,2
Vue,Vue,exact,vue,2
Wollok,Wollok,exact,wollok,2
XML,XML,exact,xml,2
Xojo,Xojo,exact,xojo,2
XPath,,none,xpath,2
XQuery,XQuery,exact,xquery,2
YAML,YAML,exact,yaml,2
YANG,YANG,exact,yang,2
Zig,Zig,exact,zig,2
