# Pygments lexer name (156d85f) → Linguist name(s) (76f88c6); how: exact | alias | manual | none. Synonyms only (a dialect or a broader/narrower language is not mapped); generated by build_cases.py
source_label,linguist,how,source_id,cases
ABNF,ABNF,exact,abnf,2
ActionScript 3,ActionScript,alias,as3,3
Ada,Ada,exact,ada,3
ADL,,none,adl,2
Agda,Agda,exact,agda,1
Aheui,,none,aheui,3
Alloy,Alloy,exact,alloy,1
AmbientTalk,,none,at,1
AMDGPU,,none,amdgpu,1
ANSYS parametric design language,,none,apdl,2
ANTLR,ANTLR,exact,antlr,2
ApacheConf,ApacheConf,exact,apacheconf,1
APL,APL,exact,apl,1
AppleScript,AppleScript,exact,applescript,2
Arduino,,none,arduino,1
Arrow,,none,arrow,1
Arturo,,none,arturo,1
ASCII armored,Public Key,manual,asc,1
ASN.1,ASN.1,exact,asn1,1
aspx-cs,ASP.NET,manual,aspx-cs,1
aspx-vb,ASP.NET,alias,aspx-vb,1
Asymptote,Asymptote,exact,asy,1
autohotkey,AutoHotkey,exact,ahk,1
AutoIt,AutoIt,exact,autoit,1
Awk,Awk,exact,awk,1
BARE,,none,bare,1
Bash,Shell,alias,bash,4
Bash Session,ShellSession,alias,console,2
Batchfile,Batchfile,exact,bat,1
BBC Basic,,none,bbcbasic,1
BC,,none,bc,1
Bdd,,none,bdd,1
Berry,Berry,exact,berry,1
BibTeX,BibTeX,exact,bib,1
BitBake,BitBake,exact,bitbake,1
BlitzBasic,BlitzBasic,exact,blitzbasic,1
BlitzMax,BlitzMax,exact,blitzmax,1
Blueprint,Blueprint,exact,blueprint,1
BNF,,none,bnf,1
Boa,,none,boa,1
Boo,Boo,exact,boo,1
Boogie,Boogie,exact,boogie,1
BST,BibTeX Style,manual,bst,1
BUGS,,none,bugs,1
C,C,exact,c,5
C#,C#,exact,csharp,2
C++,C++,exact,cpp,6
ca65 assembler,,none,ca65,1
Caddyfile,Caddyfile,exact,caddyfile,1
cADL,,none,cadl,2
CAmkES,,none,camkes,1
Cap'n Proto,Cap'n Proto,exact,capnp,1
CapDL,,none,capdl,1
Carbon,Carbon,exact,carbon,3
CBM BASIC V2,,none,cbmbas,1
CDDL,,none,cddl,1
CEL,,none,cel,1
Ceylon,Ceylon,exact,ceylon,1
ChaiScript,,none,chai,1
Chapel,Chapel,exact,chapel,1
Charmci,,none,charmci,1
Cheetah,,none,cheetah,1
Cirru,Cirru,exact,cirru,1
Clay,,none,clay,1
Clean,Clean,exact,clean,1
Clojure,Clojure,exact,clojure,4
ClojureScript,,none,clojurescript,1
CMake,CMake,exact,cmake,1
COBOL,COBOL,exact,cobol,1
CoffeeScript,CoffeeScript,exact,coffee-script,2
Coldfusion CFC,ColdFusion CFC,exact,cfc,2
Coldfusion HTML,ColdFusion,alias,cfm,1
COMAL-80,,none,comal80,1
Common Lisp,Common Lisp,exact,common-lisp,1
cplint,,none,cplint,5
CPSA,,none,cpsa,1
Crmsh,,none,crmsh,1
Croc,,none,croc,1
Crystal,Crystal,exact,cr,1
Csound Document,Csound Document,exact,csound-document,1
Csound Orchestra,Csound,manual,csound,1
Csound Score,Csound Score,exact,csound-score,1
CSS,CSS,exact,css,2
CSS+mozpreproc,,none,css+mozpreproc,1
CUDA,Cuda,exact,cuda,1
Cypher,Cypher,exact,cypher,1
D,D,exact,d,2
Dart,Dart,exact,dart,1
Dax,,none,dax,1
Debian Control file,Debian Package Control File,manual,control,1
Debian Sourcelist,,none,sourceslist,1
Delphi,Pascal,alias,delphi,2
Devicetree,,none,devicetree,1
dg,,none,dg,1
Django/Jinja,Jinja,manual,django,1
Docker,Dockerfile,manual,docker,1
DTD,,none,dtd,1
Duel,,none,duel,2
Dylan,Dylan,exact,dylan,2
DylanLID,,none,dylan-lid,1
E-mail,E-mail,exact,email,1
Earl Grey,,none,earl-grey,1
Easytrieve,,none,easytrieve,2
EBNF,EBNF,exact,ebnf,1
eC,eC,exact,ec,2
Eiffel,Eiffel,exact,eiffel,1
Elixir,Elixir,exact,elixir,1
Elm,Elm,exact,elm,1
EmacsLisp,Emacs Lisp,exact,emacs,1
Erlang,Erlang,exact,erlang,2
Evoque,,none,evoque,1
execline,,none,execline,1
Ezhil,,none,ezhil,1
F#,F#,exact,fsharp,1
Factor,Factor,exact,factor,1
Fancy,Fancy,exact,fancy,1
Fantom,Fantom,exact,fan,1
Felix,,none,felix,1
Fennel,Fennel,exact,fennel,1
Fift,,none,fift,1
Fish,fish,exact,fish,1
Flatline,,none,flatline,1
FloScript,,none,floscript,1
Forth,Forth,exact,forth,1
Fortran,Fortran Free Form,manual,fortran,2
FortranFixed,Fortran,manual,fortranfixed,1
FoxPro,xBase,alias,foxpro,1
Freefem,,none,freefem,1
FStar,F*,alias,fstar,1
FunC,,none,func,1
Futhark,Futhark,exact,futhark,1
g-code,G-code,exact,gcode,2
GAP,GAP,exact,gap,2
GDScript,GDScript,exact,gdscript,1
Genshi,Genshi,exact,genshi,1
Genshi Text,,none,genshitext,1
Gettext Catalog,Gettext Catalog,exact,pot,1
Gherkin,Gherkin,exact,cucumber,1
Gleam,Gleam,exact,gleam,1
GLSL,GLSL,exact,glsl,2
Gnuplot,Gnuplot,exact,gnuplot,1
Go,Go,exact,go,3
Golo,Golo,exact,golo,2
GoodData-CL,,none,gooddata-cl,1
Gosu,Gosu,exact,gosu,1
Gosu Template,,none,gst,1
GraphQL,GraphQL,exact,graphql,14
Graphviz,Graphviz (DOT),manual,graphviz,1
Groff,Roff,alias,groff,1
Groovy,Groovy,exact,groovy,4
GSQL,,none,gsql,1
Haskell,Haskell,exact,haskell,3
Haxe,Haxe,exact,hx,2
HLSL,HLSL,exact,hlsl,1
HSAIL,,none,hsail,1
HTML,HTML,exact,html,2
HTML + Angular2,,none,html+ng2,1
HTML+Handlebars,Handlebars,manual,html+handlebars,2
HTML+PHP,HTML+PHP,exact,html+php,1
HTTP,HTTP,exact,http,2
Hy,Hy,exact,hylang,1
Hybris,,none,hybris,1
Icon,,none,icon,1
IDL,IDL,exact,idl,1
Idris,Idris,exact,idris,1
Inform 6,,none,inform6,1
Inform 6 template,,none,i6t,1
Inform 7,Inform 7,exact,inform7,2
INI,INI,exact,ini,2
Ioke,Ioke,exact,ioke,1
IRC logs,IRC log,alias,irc,1
Isabelle,Isabelle,exact,isabelle,2
J,J,exact,j,1
JAGS,,none,jags,1
Jasmin,Jasmin,exact,jasmin,1
Java,Java,exact,java,4
Java Server Page,Java Server Pages,manual,jsp,1
JavaScript,JavaScript,exact,js,5
Javascript+mozpreproc,,none,javascript+mozpreproc,1
JCL,JCL,exact,jcl,1
JMESPath,,none,jmespath,1
JSGF,,none,jsgf,1
JSON,JSON,exact,json,2
JSON-LD,JSONLD,exact,jsonld,1
Jsonnet,Jsonnet,exact,jsonnet,1
JSX,,none,jsx,1
Julia,Julia,exact,julia,1
Julia console,Julia REPL,manual,jlcon,1
Juttle,,none,juttle,1
Kal,,none,kal,1
Kconfig,,none,kconfig,1
Koka,Koka,exact,koka,1
Kotlin,Kotlin,exact,kotlin,1
Kuin,,none,kuin,1
Kusto,Kusto,exact,kusto,1
Lasso,Lasso,exact,lasso,2
LDAP configuration file,,none,ldaprc,1
LDIF,,none,ldif,1
Lean,Lean,exact,lean,1
Lean4,Lean 4,exact,lean4,1
Lighttpd configuration file,,none,lighty,1
LilyPond,LilyPond,exact,lilypond,1
Limbo,Limbo,exact,limbo,1
liquid,Liquid,exact,liquid,1
Literate Agda,Literate Agda,exact,lagda,1
Literate Haskell,Literate Haskell,exact,lhs,2
LiveScript,LiveScript,exact,live-script,1
LLVM-MIR,,none,llvm-mir,1
Logos,Logos,exact,logos,1
Logtalk,Logtalk,exact,logtalk,1
LSL,LSL,exact,lsl,1
Lua,Lua,exact,lua,3
Luau,Luau,exact,luau,3
Macaulay2,Macaulay2,exact,macaulay2,1
Makefile,Makefile,exact,make,5
Mako,Mako,exact,mako,1
Maple,,none,maple,2
MAQL,,none,maql,1
Markdown,Markdown,exact,markdown;md,2
Mask,Mask,exact,mask,1
Mathematica,Wolfram Language,alias,mathematica,1
Matlab,MATLAB,exact,matlab,2
Maxima,,none,maxima,1
MCFunction,mcfunction,exact,mcfunction,1
MCSchema,,none,mcschema,4
Meson,Meson,exact,meson,1
MIME,,none,mime,1
MiniScript,MiniScript,exact,ms,1
MIPS,,none,mips,1
Modelica,Modelica,exact,modelica,1
Modula-2,Modula-2,exact,modula2,3
MoinMoin/Trac Wiki markup,,none,trac-wiki,1
Mojo,Mojo,exact,mojo,1
Monkey,Monkey,exact,monkey,1
Monte,,none,monte,1
MOOCode,Moocode,exact,moocode,2
MoonScript,MoonScript,exact,moon,1
Mosel,,none,mosel,1
MQL,MQL4;MQL5,manual,mql,2
Mscgen,,none,mscgen,2
MuPAD,mupad,exact,mupad,2
Myghty,Myghty,exact,myghty,1
NASM,Assembly,alias,nasm,3
NCL,NCL,exact,ncl,1
Nemerle,Nemerle,exact,nemerle,1
nesC,nesC,exact,nesc,2
NestedText,,none,nt,2
NewLisp,NewLisp,exact,newlisp,3
Newspeak,,none,newspeak,2
Nginx configuration file,Nginx,alias,nginx,1
Nimrod,Nim,manual,nim,2
Nit,Nit,exact,nit,1
Nix,Nix,exact,nixos,1
NSIS,NSIS,exact,nsis,1
NuSMV,,none,nusmv,1
Objective-C,Objective-C,exact,objective-c,1
Objective-J,Objective-J,exact,objective-j,1
OCaml,OCaml,exact,ocaml,1
ODIN,Odin,exact,odin,2
OMG Interface Definition Language,,none,omg-idl,1
Opa,Opa,exact,opa,1
OpenEdge ABL,OpenEdge ABL,exact,openedge,2
Org Mode,Org,manual,org,1
PacmanConf,,none,pacmanconf,1
Pan,Pan,exact,pan,1
ParaSail,,none,parasail,1
Pawn,Pawn,exact,pawn,2
PDDL,PDDL,exact,pddl,2
Perl,Perl,exact,perl,3
Perl6,Raku,alias,perl6,3
Phix,,none,phix,1
PHP,PHP,exact,php,2
Pig,PigLatin,manual,pig,1
Pike,Pike,exact,pike,2
PkgConfig,pkg-config,exact,pkgconfig,1
Pointless,,none,pointless,1
Pony,Pony,exact,pony,1
Portugol,Portugol,exact,portugol,1
PostgreSQL SQL dialect,,none,postgresql,1
PostScript,PostScript,exact,postscript,1
POVRay,POV-Ray SDL,alias,pov,2
PowerShell,PowerShell,exact,powershell,2
Praat,Praat,exact,praat,1
Procfile,Procfile,exact,procfile,1
Prolog,Prolog,exact,prolog,3
Promela,Promela,exact,promela,2
PromQL,,none,promql,1
Properties,Java Properties,manual,properties,1
Protocol Buffer,Protocol Buffer,exact,protobuf,1
PRQL,,none,prql,1
Puppet,Puppet,exact,puppet,1
PureScript,PureScript,exact,purescript,1
Python,Python,exact,python,4
Python 2.x Traceback,Python traceback,manual,py2tb,2
Python console session,Python console,manual,pycon,2
Python Traceback,Python traceback,exact,pytb,8
Q,q,exact,q,1
QBasic,QuickBASIC,alias,qbasic,1
Qlik,,none,qlik,1
QML,QML,exact,qml,1
QVTO,,none,qvto,1
Racket,Racket,exact,racket,1
Ragel in CPP Host,Ragel,manual,ragel-cpp,2
Rd,,none,rd,1
ReasonML,Reason,manual,reason,1
REBOL,Rebol,exact,rebol,1
Red,Red,exact,red,2
Redcode,Redcode,exact,redcode,1
reg,Windows Registry Entries,manual,registry,1
Relax-NG Compact,,none,rnc,1
Rell,,none,rell,1
ResourceBundle,,none,resource,1
reStructuredText,reStructuredText,exact,rst,2
Rexx,REXX,exact,rexx,1
RHTML,HTML+ERB,alias,rhtml,2
Ride,,none,ride,1
Rita,,none,rita,1
Roboconf Graph,,none,roboconf-graph,1
Roboconf Instances,,none,roboconf-instances,1
RobotFramework,RobotFramework,exact,robotframework,1
Rocq Prover,Rocq Prover,exact,coq,2
RPMSpec,RPM Spec,exact,spec,1
RQL,,none,rql,1
RSL,,none,rsl,1
Ruby,Ruby,exact,rb,8
Rust,Rust,exact,rust,1
S,R,manual,splus,1
Savi,,none,savi,1
Scala,Scala,exact,scala,26
Scalate Server Page,,none,ssp,1
Scaml,Scaml,exact,scaml,1
scdoc,,none,scdoc,1
Scheme,Scheme,exact,scheme,2
Scilab,Scilab,exact,scilab,3
Sed,sed,exact,sed,4
Shen,Shen,exact,shen,1
ShExC,,none,shexc,1
Sieve,Sieve,exact,sieve,1
Silver,,none,silver,1
Singularity,Singularity,exact,singularity,1
Slim,Slim,exact,slim,1
Slurm,,none,slurm,1
Smali,Smali,exact,smali,1
Smalltalk,Smalltalk,exact,smalltalk,1
SmartGameFormat,,none,sgf,1
Smarty,Smarty,exact,smarty,1
Smithy,Smithy,exact,smithy,1
SNBT,,none,snbt,1
Snobol,,none,snobol,1
Snowball,,none,snowball,1
Solidity,Solidity,exact,solidity,1
Sophia,,none,sophia,1
SourcePawn,SourcePawn,exact,sp,1
SPARQL,SPARQL,exact,sparql,1
Spice,,none,spice,2
SQL+Jinja,,none,sql+jinja,1
SquidConf,,none,squidconf,1
Srcinfo,,none,srcinfo,4
Stan,Stan,exact,stan,1
Standard ML,Standard ML,exact,sml,3
SuperCollider,SuperCollider,exact,sc,1
Swift,Swift,exact,swift,1
SWIG,SWIG,exact,swig,2
systemverilog,SystemVerilog,exact,systemverilog,1
Tact,Tact,exact,tact,1
TADS 3,,none,tads3,1
Tal,,none,tal,1
TASM,Assembly,manual,tasm,1
Tcsh,Tcsh,exact,tcsh,1
Tea,Tea,exact,tea,1
teal,Teal,exact,teal,1
Tera Term macro,,none,ttl,1
Termcap,,none,termcap,1
Terminfo,,none,terminfo,1
ThingsDB,,none,thingsdb,1
Thrift,Thrift,exact,thrift,1
tiddler,,none,tid,1
Tl-b,,none,tlb,1
TLS Presentation Language,,none,tls,1
Todotxt,,none,todotxt,1
TOML,TOML,exact,toml,1
TrafficScript,,none,rts,1
Transact-SQL,TSQL,manual,tsql,1
Treetop,,none,treetop,1
TSX,TSX,exact,tsx,1
Turtle,Turtle,exact,turtle,1
Twig,Twig,exact,twig,1
TypeScript,TypeScript,exact,ts,1
Typographic Number Theory,,none,tnt,1
TypoScript,,none,typoscript,1
Typst,Typst,exact,typst,1
ucode,ucode,exact,ucode,1
UL4,,none,ul4,4
Unicon,,none,unicon,1
UrbiScript,,none,urbiscript,1
USD,,none,usd,1
VB.net,Visual Basic .NET,alias,vb.net,2
VBScript,VBScript,exact,vbscript,1
VCL,VCL,exact,vcl,1
Verifpal,,none,verifpal,1
verilog,Verilog,exact,verilog,1
VGL,,none,vgl,1
vhdl,VHDL,exact,vhdl,1
VimL,Vim script,alias,vim,2
Visual Prolog,,none,visualprolog,2
Visual Prolog Grammar,,none,visualprologgrammar,2
Vue,Vue,exact,vue,1
Vyper,Vyper,exact,vyper,1
Web IDL,WebIDL,exact,webidl,1
WebAssembly,WebAssembly,exact,wat,1
Whiley,Whiley,exact,whiley,1
Wikitext,Wikitext,exact,wikitext,1
World of Warcraft TOC,World of Warcraft Addon Data,manual,wowtoc,4
Wren,Wren,exact,wren,1
X++,,none,xpp,1
X10,X10,exact,x10,1
XML,XML,exact,xml,1
Xorg,,none,xorg.conf,1
XQuery,XQuery,exact,xquery,3
XSLT,XSLT,exact,xslt,1
Xtend,Xtend,exact,xtend,1
xtlang,,none,extempore,1
XUL+mozpreproc,,none,xul+mozpreproc,1
YAML,YAML,exact,yaml,1
YAML+Jinja,,none,yaml+jinja,1
YANG,YANG,exact,yang,1
YARA,YARA,exact,yara,1
Zeek,Zeek,exact,zeek,2
Zephir,Zephir,exact,zephir,1
Zig,Zig,exact,zig,1
Zone,DNS Zone,manual,zone,2
