# bench-m/1 — 54 archived .m files with human-checked labels; generated by build_cases.py; see README.md
case_id,tier,ext,sha1_git,filename,qualified_swhid,expected,expected_detail,accept,reference,provenance,frame,stratum,weight,tags
m:146faacad4fb,gold,.m,146faacad4fb470a095fcb1a6429901e4ee816e9,Hiuristic_staff.m,swh:1:cnt:146faacad4fb470a095fcb1a6429901e4ee816e9;origin=https://github.com/ilantc/Magneton;path=/Hiuristic_staff.m,matlab-family,matlab,MATLAB;Octave,human:mathieu-acher; judges agree: yes,hand-written,U,agree,48.3684,
m:1f3bba4d2cd6,gold,.m,1f3bba4d2cd6267437ec093b677e71e57c13ef3c,ENEQNX2.m,swh:1:cnt:1f3bba4d2cd6267437ec093b677e71e57c13ef3c;origin=https://code.launchpad.net/~ov+server/openvista-server/mainline;path=/routines/foia/ENEQNX2.m,mumps-m,mumps-m,M,human:mathieu-acher; judges agree: yes,hand-written,U,disagree,2.2,
m:1fa4cb2b6c7b,gold,.m,1fa4cb2b6c7b76359583c0a3458b3180107e9418,comparator.m,swh:1:cnt:1fa4cb2b6c7b76359583c0a3458b3180107e9418;origin=https://github.com/GijsGroote/BEP;path=/matlab/Performance/comparator.m,matlab-family,matlab,MATLAB;Octave,human:mathieu-acher; judges agree: yes,hand-written,U,agree,48.3684,
m:20a3c558d3e9,gold,.m,20a3c558d3e9a078b936a5100e7ac40254be7d19,plot_WBmod_strokeMINcoeff_TorqueAxis1UP.m,swh:1:cnt:20a3c558d3e9a078b936a5100e7ac40254be7d19;origin=https://github.com/FlyRanch/flycity;path=/postproc/SACCADE/D_WBkin/plot_WBmod_strokeMINcoeff_TorqueAxis1UP.m,matlab-family,matlab,MATLAB;Octave,human:mathieu-acher; judges agree: yes,hand-written,U,disagree,2.2,
m:2aa25faa0429,gold,.m,2aa25faa042945a4cdca9b8365ef885c25aa51b4,SimpleTensor.m,swh:1:cnt:2aa25faa042945a4cdca9b8365ef885c25aa51b4;origin=https://github.com/gharib85/SpinorsExtras;path=/SpinorsExtras/SimpleTensor.m,mathematica-wolfram,mathematica-wolfram,Wolfram Language,human:mathieu-acher; judges agree: yes,hand-written,U,disagree,2.2,
m:2b0a23329e4c,gold,.m,2b0a23329e4cc8db7ec5bfbecfb0e2a32cf92434,OrderHelper.m,swh:1:cnt:2b0a23329e4cc8db7ec5bfbecfb0e2a32cf92434;origin=https://github.com/Tjatse/TaurusAir;path=/Data/Helper/OrderHelper.m,objective-c,objective-c,Objective-C,human:mathieu-acher; judges agree: yes,hand-written,U,agree,48.3684,objc-format-string
m:2d7c44c46679,gold,.m,2d7c44c466792911b7d85eec5913917965475d23,stk_options_set.m,swh:1:cnt:2d7c44c466792911b7d85eec5913917965475d23;origin=https://github.com/stk-kriging/stk;path=/misc/options/stk_options_set.m,matlab-family,matlab,MATLAB;Octave,human:mathieu-acher; judges agree: yes,hand-written,U,agree,48.3684,
m:3951787602d8,gold,.m,3951787602d80c1ccd30bbf4a568635ee1cd3a34,mergeInnerOuter.m,swh:1:cnt:3951787602d80c1ccd30bbf4a568635ee1cd3a34;origin=https://github.com/Jehaumont/ECOFERTIII;path=/Matlab/mergeInnerOuter.m,matlab-family,matlab,MATLAB;Octave,human:mathieu-acher; judges agree: yes,hand-written,U,agree,48.3684,
m:3e9d07c3b66c,gold,.m,3e9d07c3b66c64281a7399d1152e14084fe74c62,CREATE_BLOOM.m,swh:1:cnt:3e9d07c3b66c64281a7399d1152e14084fe74c62;origin=https://github.com/mswest46/MinimaxProjectCode;path=/VaziraniAlgorithm/CREATE_BLOOM.m,matlab-family,matlab,MATLAB;Octave,human:mathieu-acher; judges agree: yes,hand-written,U,agree,48.3684,
m:43ff83b70b86,gold,.m,43ff83b70b86871bc54569ccd353989d2d91523c,quad_plots_etan_std.m,swh:1:cnt:43ff83b70b86871bc54569ccd353989d2d91523c;origin=https://github.com/Swierczek4/ocean_plotting_and_analysis_accessories;path=/quad_plots_etan_std.m,matlab-family,matlab,MATLAB;Octave,human:mathieu-acher; judges agree: yes,hand-written,U,disagree,2.2,
m:44b416ccaddc,gold,.m,44b416ccaddc23b687965dc8e43dbc9de9e2b794,Utils.m,swh:1:cnt:44b416ccaddc23b687965dc8e43dbc9de9e2b794;origin=https://github.com/mbs0221/Data-Mining;path=/Classifiy/Utils.m,matlab-family,matlab,MATLAB;Octave,human:mathieu-acher; judges agree: yes,hand-written,U,agree,48.3684,non-utf8
m:461a890cf580,gold,.m,461a890cf58094a804747f56e7288659685768b4,GTKBin.m,swh:1:cnt:461a890cf58094a804747f56e7288659685768b4;origin=https://github.com/KyleCardoza/GTKKit;path=/src/GTKBin.m,objective-c,objective-c,Objective-C,human:mathieu-acher; judges agree: yes,hand-written,U,agree,48.3684,comment-free-objc
m:4b700d2e4564,gold,.m,4b700d2e4564e793ec685f9bc5004a860d46020d,SWEyeDropperTool.m,swh:1:cnt:4b700d2e4564e793ec685f9bc5004a860d46020d;origin=https://github.com/cntrump/Paintbrush;path=/SWEyeDropperTool.m,objective-c,objective-c,Objective-C,human:mathieu-acher; judges agree: yes,hand-written,U,agree,48.3684,
m:4c3c61887205,gold,.m,4c3c618872051e8114d3aa3d37f68ed0f71268b2,full_wavefield_exp_dataset_L3_S1_B.m,swh:1:cnt:4c3c618872051e8114d3aa3d37f68ed0f71268b2;origin=https://github.com/IFFM-PAS-MISD/aidd;path=/src/data_processing/full_wavefield_exp_dataset_L3_S1_B.m,matlab-family,matlab,MATLAB;Octave,human:mathieu-acher; judges agree: yes,hand-written,U,disagree,2.2,
m:4f03314fe657,gold,.m,4f03314fe6578a77c385ddb07ed170d6a0d7c116,Transfer_08-09-20_SC_Prot_opt_dG2_C_a-1045_P1.m,swh:1:cnt:4f03314fe6578a77c385ddb07ed170d6a0d7c116;origin=https://github.com/walee-1/TransportFunction;path=/MergerTransport/MergerTransport/SC_Prot_opt_dG2/a-1045/Transfer_08-09-20_SC_Prot_opt_dG2_C_a-1045_P1.m,mathematica-wolfram,mathematica-wolfram,Wolfram Language,human:mathieu-acher; judges agree: yes,hand-written,U,disagree,2.2,
m:4f45185a0be3,gold,.m,4f45185a0be32efd533f146529e2fcbc36a97fb7,Tone.m,swh:1:cnt:4f45185a0be32efd533f146529e2fcbc36a97fb7;origin=https://github.com/PaschalisB/Tunica;path=/@Tone/Tone.m,matlab-family,matlab,MATLAB;Octave,human:mathieu-acher; judges agree: yes,hand-written,U,disagree,2.2,comment-free-matlab
m:501d6f85d78b,gold,.m,501d6f85d78b3eacf794f7535a35f67ee00bbd7b,PSOREJP1.m,swh:1:cnt:501d6f85d78b3eacf794f7535a35f67ee00bbd7b;origin=https://github.com/WorldVistA/VistA-M;path=/Packages/Outpatient Pharmacy/Routines/PSOREJP1.m,mumps-m,mumps-m,M,human:mathieu-acher; judges agree: yes,hand-written,U,disagree,2.2,
m:5465b7f4caa5,gold,.m,5465b7f4caa519a56aefc2eb481a841c1fde8111,calciumVwidthBBBanalysis.m,swh:1:cnt:5465b7f4caa519a56aefc2eb481a841c1fde8111;origin=https://github.com/sindafekir/imAnalysis;path=/calciumVwidthBBBanalysis.m,matlab-family,matlab,MATLAB;Octave,human:mathieu-acher; judges agree: yes,hand-written,U,disagree,2.2,
m:5c03006fc1cd,gold,.m,5c03006fc1cd7271a0596ecf8d4a82dd42646223,PhaseTransition.m,swh:1:cnt:5c03006fc1cd7271a0596ecf8d4a82dd42646223;origin=https://github.com/sgunasekar/rmc_code;path=/PhaseTransition.m,matlab-family,matlab,MATLAB;Octave,human:mathieu-acher; judges agree: yes,hand-written,U,disagree,2.2,comment-free-matlab
m:625aad06c311,gold,.m,625aad06c3115bed5484238b4726b36368f946b2,"64S12-8,8,2-g9.m","swh:1:cnt:625aad06c3115bed5484238b4726b36368f946b2;origin=https://github.com/michaelmusty/SolvableDessins;path=/SolvablePassportDB/64/64S12-8,8,2-g9.m",magma,magma,Magma,human:mathieu-acher; judges agree: yes,hand-written,U,disagree,2.2,out-of-candidates
m:64a0686502d5,gold,.m,64a0686502d5564e8d2a8a395a44c6850e850302,main.m,swh:1:cnt:64a0686502d5564e8d2a8a395a44c6850e850302;origin=https://github.com/dscandrett/SORelativeDateTransformer;path=/Example/main.m,objective-c,objective-c,Objective-C,human:mathieu-acher; judges agree: yes,hand-written,U,agree,48.3684,
m:659c4479c797,gold,.m,659c4479c79716e99a9167d782cf8b74109b2d4d,GEOSPRMetroAvailabilityFetcher.m,swh:1:cnt:659c4479c79716e99a9167d782cf8b74109b2d4d;origin=https://github.com/CrackerCat/iPhone15-3_17.6.1_21G101_Restore;path=/System/Library/PrivateFrameworks/GeoServices.framework/GEOSPRMetroAvailabilityFetcher.m,objective-c,objective-c,Objective-C,human:mathieu-acher; judges agree: yes,hand-written,U,agree,48.3684,comment-free-objc
m:6865e1cfc864,gold,.m,6865e1cfc864b7d1d463011967e055480505539d,deciles2.m,swh:1:cnt:6865e1cfc864b7d1d463011967e055480505539d;origin=https://inequalitygrowth.googlecode.com;path=/Tables/deciles2.m,matlab-family,matlab,MATLAB;Octave,human:mathieu-acher; judges agree: yes,hand-written,U,disagree,2.2,
m:6a9f899df866,gold,.m,6a9f899df8665c1253be9f8a2f7d02b10ca3df92,post_term_analysis.m,swh:1:cnt:6a9f899df8665c1253be9f8a2f7d02b10ca3df92;origin=https://github.com/sebgod/mercury;path=/compiler/post_term_analysis.m,mercury,mercury,Mercury,human:mathieu-acher; judges agree: yes,hand-written,U,disagree,2.2,
m:6bb32ed06e76,gold,.m,6bb32ed06e76d8cb34ddfaf03c5f5decd0d4a8f6,Dampeningeffect_2_a.m,swh:1:cnt:6bb32ed06e76d8cb34ddfaf03c5f5decd0d4a8f6;origin=https://github.com/santoshsahini19/Delta_Training_Rule;path=/MATLAB Code/Dampeningeffect_2_a.m,matlab-family,matlab,MATLAB;Octave,human:mathieu-acher; judges agree: yes,hand-written,U,disagree,2.2,comment-free-matlab
m:6ca1a94ab387,gold,.m,6ca1a94ab387c8a86e7efb8aeaef674a50ddc2e1,simplify_goal_switch.m,swh:1:cnt:6ca1a94ab387c8a86e7efb8aeaef674a50ddc2e1;origin=https://github.com/Mercury-Language/mercury.git;path=/compiler/simplify_goal_switch.m,mercury,mercury,Mercury,human:mathieu-acher; judges agree: yes,hand-written,U,disagree,2.2,
m:7e0992b80305,gold,.m,7e0992b8030593deb2497a0b7dcabb4d06ba8f32,Transfer_08-09-20_NC_Prot_opt_da0_G_a-1040_P6.m,swh:1:cnt:7e0992b8030593deb2497a0b7dcabb4d06ba8f32;origin=https://github.com/walee-1/TransportFunction;path=/MergerTransport/MergerTransport/NC_Prot_opt_da0/a-1040/Transfer_08-09-20_NC_Prot_opt_da0_G_a-1040_P6.m,mathematica-wolfram,mathematica-wolfram,Wolfram Language,human:mathieu-acher; judges agree: yes,hand-written,U,disagree,2.2,
m:8152648f7580,gold,.m,8152648f7580ccf6d5b4996ca023b1758b17489c,main_QP_test.m,swh:1:cnt:8152648f7580ccf6d5b4996ca023b1758b17489c;origin=https://github.com/guansanghai/CVX-Jigsaw;path=/main_QP_test.m,matlab-family,matlab,MATLAB;Octave,human:mathieu-acher; judges agree: yes,hand-written,U,disagree,2.2,comment-free-matlab
m:8c09f9cf9acd,gold,.m,8c09f9cf9acd12d619c8869ff784d7e940833e6d,generate_forces_pro_ws_solver.m,swh:1:cnt:8c09f9cf9acd12d619c8869ff784d7e940833e6d;origin=https://github.com/MohammedEltoum/dataMPC_parking;path=/online_MPC_barc/controllers/generate_forces_pro_ws_solver.m,matlab-family,matlab,MATLAB;Octave,human:mathieu-acher; judges agree: yes,hand-written,U,agree,48.3684,
m:9a9db3b48faf,gold,.m,9a9db3b48faf23363642c16a98b0bc9bd90d616b,print_smv_phase_transition_noiseless.m,swh:1:cnt:9a9db3b48faf23363642c16a98b0bc9bd90d616b;origin=https://github.com/indigits/sparse-plex;path=/experiments/cosamp_mmv/print_smv_phase_transition_noiseless.m,matlab-family,matlab,MATLAB;Octave,human:mathieu-acher; judges agree: yes,hand-written,U,disagree,2.2,comment-free-matlab
m:a1ae221c9341,gold,.m,a1ae221c9341b106732dd98e1e2fd0c9534c9c50,"128S124-8,8,8-g41-path194.m","swh:1:cnt:a1ae221c9341b106732dd98e1e2fd0c9534c9c50;origin=https://github.com/michaelmusty/SolvableDessins;path=/SolvableDB/128/128S124-8,8,8-g41-path194.m",magma,magma,Magma,human:mathieu-acher; judges agree: yes,hand-written,U,disagree,2.2,out-of-candidates
m:a9e039af425c,gold,.m,a9e039af425c8cac9a9087d0c0290a880e386b52,symb01ValsRec.m,swh:1:cnt:a9e039af425c8cac9a9087d0c0290a880e386b52;origin=https://github.com/es335mathwiz/ProjectionMethodTools;path=/ProjectionMethodToolsJava/code/symb01ValsRec.m,mathematica-wolfram,mathematica-wolfram,Wolfram Language,human:mathieu-acher; judges agree: yes,hand-written,U,disagree,2.2,
m:aeee5e6874e1,gold,.m,aeee5e6874e115a8ede6c4fb53a9eb96500df9b6,bbtest_constructors.m,swh:1:cnt:aeee5e6874e115a8ede6c4fb53a9eb96500df9b6;origin=https://code.launchpad.net/~ubuntu-branches/ubuntu/lucid/freemat/lucid;path=/toolbox/test/bbtest_constructors.m,matlab-family,matlab,MATLAB;Octave,human:mathieu-acher; judges agree: yes,hand-written,U,agree,48.3684,
m:b05373f67b00,gold,.m,b05373f67b00c1f6091ad9378f0bb27be7fcf64c,odefun3.m,swh:1:cnt:b05373f67b00c1f6091ad9378f0bb27be7fcf64c;origin=https://github.com/pkasela/Assignment-Calcolo-Scientifico;path=/Project 1/Project 1 MATLAB Codes/odefun3.m,matlab-family,matlab,MATLAB;Octave,human:mathieu-acher; judges agree: yes,hand-written,U,agree,48.3684,
m:b462101dba6d,gold,.m,b462101dba6df91b186956e01337c58ec5962df7,cosd.m,swh:1:cnt:b462101dba6df91b186956e01337c58ec5962df7;origin=https://github.com/mtmiller/octave;path=/scripts/elfun/cosd.m,matlab-family,octave,MATLAB;Octave,human:mathieu-acher; judges agree: yes,hand-written,U,disagree,2.2,
m:b536843878e0,gold,.m,b536843878e0920b9f7df80c49974db3df7c7993,PublishViewController.m,swh:1:cnt:b536843878e0920b9f7df80c49974db3df7c7993;origin=https://github.com/beikexmj/jujiahe3.1;path=/jujiahe/首页/话题/发布/PublishViewController.m,objective-c,objective-c,Objective-C,human:mathieu-acher; judges agree: yes,hand-written,U,agree,48.3684,objc-format-string
m:b688de3330c3,gold,.m,b688de3330c3656bea159db58a42ac0ef84687ac,Compute_Derivatives.m,swh:1:cnt:b688de3330c3656bea159db58a42ac0ef84687ac;origin=https://github.com/One-star11/PathPlanning-Control_TruckTrailerSystem;path=/Final_Submission/ClosedLoopVariant/Compute_Derivatives.m,matlab-family,matlab,MATLAB;Octave,human:mathieu-acher; judges agree: yes,hand-written,U,agree,48.3684,
m:b7f369bcbf63,gold,.m,b7f369bcbf63d5a13f0663c42b0facb9bd36ddb4,convert.m,swh:1:cnt:b7f369bcbf63d5a13f0663c42b0facb9bd36ddb4;origin=https://github.com/clayandgen/Comp-Vision;path=/convert.m,matlab-family,matlab,MATLAB;Octave,human:mathieu-acher; judges agree: yes,hand-written,U,disagree,2.2,
m:bd36626611a8,gold,.m,bd36626611a8c98053f8c38bd231392b696158eb,zu-fuss.m,swh:1:cnt:bd36626611a8c98053f8c38bd231392b696158eb;origin=https://github.com/ColWalterEKurtz/Mathematik;path=/LineareGleichungen/zu-fuss.m,matlab-family,octave,MATLAB;Octave,human:mathieu-acher; judges agree: yes,hand-written,U,disagree,2.2,comment-free-matlab
m:bf8f93db910a,gold,.m,bf8f93db910a97a6abf18a635043849fb0df9947,intersect.m,swh:1:cnt:bf8f93db910a97a6abf18a635043849fb0df9947;origin=https://github.com/oheim/octave-interval;path=/inst/@infsup/intersect.m,matlab-family,octave,MATLAB;Octave,human:mathieu-acher; judges agree: yes,hand-written,U,disagree,2.2,
m:c6676eeab063,gold,.m,c6676eeab063d600534f4b7cd91c7a8500ddfa2f,ml_053.00.m,swh:1:cnt:c6676eeab063d600534f4b7cd91c7a8500ddfa2f;origin=https://github.com/ufal/PDT-C;path=/WorkData/PDTSC/data/ml_053.00.m,not-code,not-code,Text,human:mathieu-acher; judges agree: yes,tool-generated,U,disagree,2.2,
m:c7f8219ab2c9,gold,.m,c7f8219ab2c9c469bb736213778c66d8b75ca5e6,anblowup.m,swh:1:cnt:c7f8219ab2c9c469bb736213778c66d8b75ca5e6;origin=https://github.com/NOAA-CHAMP/coral_heat_budget;path=/anblowup.m,matlab-family,matlab,MATLAB;Octave,human:mathieu-acher; judges agree: yes,hand-written,U,disagree,2.2,comment-free-matlab
m:cc59ae3ecefd,gold,.m,cc59ae3ecefd62763e7a58c5666a0356c9e32e7d,main_12_复现Yan_在导函数上加噪声_good.m,swh:1:cnt:cc59ae3ecefd62763e7a58c5666a0356c9e32e7d;origin=https://github.com/RyL20200506/FuXian001;path=/CodeFromMe/main_12_复现Yan_在导函数上加噪声_good.m,matlab-family,matlab,MATLAB;Octave,human:mathieu-acher; judges agree: yes,hand-written,U,agree,48.3684,non-utf8
m:d0576414217c,gold,.m,d0576414217cf3babadca996f6ad53e40e514b74,TreeViewController.m,swh:1:cnt:d0576414217cf3babadca996f6ad53e40e514b74;origin=https://github.com/yanjun-ios/QTMC;path=/MYT/Model/View/TreeViewController.m,objective-c,objective-c,Objective-C,human:mathieu-acher; judges agree: yes,hand-written,U,agree,48.3684,objc-format-string
m:d7647ff036e8,gold,.m,d7647ff036e8dbbea6171d64e7a005434b7d17d7,main.m,swh:1:cnt:d7647ff036e8dbbea6171d64e7a005434b7d17d7;origin=https://github.com/pasoev/praxis;path=/game/pongosx/main.m,c-or-cpp,c-or-cpp,C;C++,human:mathieu-acher; judges agree: yes,hand-written,U,disagree,2.2,out-of-candidates
m:d8237cb4dbbc,gold,.m,d8237cb4dbbcfc48a203f0035d9b68631e3ecadb,"64S20-4,4,8-g13-path35.m","swh:1:cnt:d8237cb4dbbcfc48a203f0035d9b68631e3ecadb;origin=https://github.com/michaelmusty/SolvableDessins;path=/SolvableDB/64/64S20-4,4,8-g13-path35.m",magma,magma,Magma,human:mathieu-acher; judges agree: yes,hand-written,U,disagree,2.2,out-of-candidates
m:ddf374993dcc,gold,.m,ddf374993dccb95f9c334ef305acbf0100cc6fd3,ViewUtils.m,swh:1:cnt:ddf374993dccb95f9c334ef305acbf0100cc6fd3;origin=https://github.com/jay16/YongHui-IOS;path=/YH-IOS/Utils/ViewUtils/ViewUtils.m,objective-c,objective-c,Objective-C,human:mathieu-acher; judges agree: yes,hand-written,U,agree,48.3684,objc-format-string
m:dfc7a03b83b4,gold,.m,dfc7a03b83b4b0c7ef5bb8cfea0f7aa730852a55,radae_plots.m,swh:1:cnt:dfc7a03b83b4b0c7ef5bb8cfea0f7aa730852a55;origin=https://github.com/drowe67/radae;path=/radae_plots.m,matlab-family,matlab,MATLAB;Octave,human:mathieu-acher; judges agree: yes,hand-written,U,disagree,2.2,
m:e3e2f7f69a45,gold,.m,e3e2f7f69a451688467e5ed3e01373bd0c1d7a92,workspace.m,swh:1:cnt:e3e2f7f69a451688467e5ed3e01373bd0c1d7a92;origin=https://github.com/brockkopp/miGAplanning;path=/configSpace/workspace.m,matlab-family,matlab,MATLAB;Octave,human:mathieu-acher; judges agree: yes,hand-written,U,disagree,2.2,
m:e4183b2f54a8,gold,.m,e4183b2f54a8191e17b45f22a3ee3bbc971f9a94,h264_psnrs.m,swh:1:cnt:e4183b2f54a8191e17b45f22a3ee3bbc971f9a94;origin=http://tensor.googlecode.com/svn/;path=/trunk/tensor_video/h264_psnrs.m,matlab-family,matlab,MATLAB;Octave,human:mathieu-acher; judges agree: yes,hand-written,U,disagree,2.2,comment-free-matlab
m:f0da3d99487d,gold,.m,f0da3d99487d8bc9d85f3ab86bb10192f587d678,eigenvalue.m,swh:1:cnt:f0da3d99487d8bc9d85f3ab86bb10192f587d678;origin=https://github.com/jingma-git/numeric;path=/matlab/chp4/eigenvalue.m,matlab-family,matlab,MATLAB;Octave,human:mathieu-acher; judges agree: yes,hand-written,U,disagree,2.2,comment-free-matlab;tiny
m:f2bff377f27b,gold,.m,f2bff377f27bf00af0830d3a2b5a1c11463f1b0f,L9p3.m,swh:1:cnt:f2bff377f27bf00af0830d3a2b5a1c11463f1b0f;origin=https://github.com/Oprea00/Numerical-Calculus;path=/lab9/L9p3.m,matlab-family,matlab,MATLAB;Octave,human:mathieu-acher; judges agree: yes,hand-written,U,disagree,2.2,comment-free-matlab
m:f48c89191177,gold,.m,f48c8919117774c898d236dc8a61632bc3da3e7d,chainimages.m,swh:1:cnt:f48c8919117774c898d236dc8a61632bc3da3e7d;origin=https://github.com/jverbraeken/Computer-Vision;path=/Assignment6/chainimages.m,matlab-family,matlab,MATLAB;Octave,human:mathieu-acher; judges agree: yes,hand-written,U,disagree,2.2,
m:f801588fbe7c,gold,.m,f801588fbe7ccdb0cf4549c4097fe5bc8e135a24,"64S14-4,8,8-g17-path7-notcomputed.m","swh:1:cnt:f801588fbe7ccdb0cf4549c4097fe5bc8e135a24;origin=https://github.com/michaelmusty/SolvableDessins;path=/SolvableDB/64/64S14-4,8,8-g17-path7-notcomputed.m",magma,magma,Magma,human:mathieu-acher; judges agree: yes,hand-written,U,disagree,2.2,out-of-candidates
