# hello-world label → Linguist name(s) at 76f88c6; synonyms only (see README.md); files = programs with that label; generated by build_cases.py
source_label,linguist,how,note,files
!,,none,,1
!@#$%^&*()_+,,none,,1
():;#?!,,none,,1
*,,none,,1
*><>,,none,,1
0(nop^),,none,,1
0587,,none,,1
05AB1E,,none,,1
0815,,none,,1
1+,,none,,1
123,,none,,1
1C Enterprise,1C Enterprise,exact,,1
256,,none,,1
2B,,none,,1
420,,none,,1
4gl,,none,,1
4test,,none,,1
4th Dimension,4D,manual,,1
6969 Assembler,,none,,1
8th,,none,,1
><>,,none,,1
?$51=,,none,,1
@tention!,,none,,1
@text,,none,"an esoteric language, not plain text",1
A++,,none,,1
A:;,,none,,1
aardio,,none,,1
ABAP,ABAP,exact,,1
ABC,,none,,1
ABS,,none,,1
ACIDIC,,none,,1
Acpi,,none,,1
ACRONYM,,none,,1
ACS,,none,,1
ActionScript,ActionScript,exact,,1
ActionScript 2,ActionScript,manual,a version,1
ActionScript 3,ActionScript,alias,,1
ActionScript flashmx,ActionScript,manual,a version (Flash MX),1
Ada,Ada,exact,,1
Add++,,none,,1
Advpl,xBase,alias,,1
Aeolbonn,,none,,1
Agda,Agda,exact,,1
Aheui,,none,,1
Aime,,none,,1
Aiml,,none,,1
ALAGUF,,none,,1
Alan,,none,,1
Alda,,none,,1
Algae,,none,,1
ALGOL 60,,none,,1
ALGOL 68,,none,,1
ALGOL W,,none,,1
Alice,,none,,1
Alore,,none,,1
AlPhAbEt,,none,,1
Amber,,none,,1
Amiga-E,,none,,1
Amos,,none,,1
AnalF*ck,,none,,1
And,,none,,1
Android,,none,,1
AngelScript,AngelScript,exact,,1
Angular,,none,,1
Ansible,,none,,1
Ante,,none,,1
AntLang,,none,,1
APC,,none,,1
Apex,Apex,exact,,1
APL,APL,exact,,1
App Inventor,,none,,1
AppleScript,AppleScript,exact,,1
Applesoft BASIC,,none,,1
ARC,Arc,exact,spelling,1
Arduino,,none,,1
Arena,,none,,1
Argh,,none,,1
ArkScript,,none,,1
ArnoldC,,none,,1
ARTICLE,,none,,1
Arturo,,none,,1
AsciiDots,,none,,1
Ash,,none,,1
Asm2bf,,none,,1
ASP,Classic ASP,alias,,1
Aspectj,AspectJ,exact,spelling,1
Assembler 4004,,none,,1
Assembler 6502,,none,,1
Assembler 6502appleII,,none,,1
Assembler 6502c64,,none,,1
Assembler 6809vectrex,,none,,1
Assembler 8048 videopac,,none,,1
Assembler 8051,,none,,1
Assembler ARM,,none,,1
Assembler ARM aarch64,,none,,1
Assembler Atari 2600,,none,,1
Assembler Bootsect,,none,,1
Assembler DCPU16,,none,,1
Assembler FASM DOS,,none,,1
Assembler FASM Win32,,none,,1
Assembler hla,,none,,1
Assembler HP85,,none,,1
Assembler IBM360,,none,,1
Assembler Intel,,none,,1
Assembler lc3,,none,,1
Assembler m68000 amigaos,Motorola 68K Assembly,manual,68000 assembly,1
Assembler MASM DOS,,none,,1
Assembler MASM Win32,,none,,1
Assembler MASM Win64,,none,,1
Assembler MIPS,,none,,1
Assembler MMIX,,none,,1
Assembler NASM FreeBSD,Assembly,manual,nasm is a Linguist alias of Assembly,1
Assembler NASM Linux,Assembly,manual,nasm is a Linguist alias of Assembly,1
Assembler NASM Linux64,Assembly,manual,nasm is a Linguist alias of Assembly,1
Assembler NASM Macho64,Assembly,manual,nasm is a Linguist alias of Assembly,1
Assembler NASM Win32,Assembly,manual,nasm is a Linguist alias of Assembly,1
Assembler NASM Win64,Assembly,manual,nasm is a Linguist alias of Assembly,1
Assembler pdp10 midas,,none,,1
Assembler pdp11 palx,,none,,1
Assembler RISC-V,,none,,1
Assembler TASM DOS,,none,,1
Assembler tms9900 ti99 4a,,none,,1
Assembler Vax Ultrix,,none,,1
Assembler Z80 Knightos,,none,,1
Assembler Z80 TI83calculator,,none,,1
Assembler Z80 zxspectrum,,none,,1
Asteria,,none,,1
ATS2,ATS,alias,,1
Attache,,none,,1
AutoHotKey,AutoHotkey,exact,spelling,1
AutoIt,AutoIt,exact,,1
AutoLISP,,none,,1
Avisynth,,none,,1
Awful,,none,,1
AWK,Awk,exact,spelling,1
Axe,,none,,1
B,B,exact,,1
Backshift,,none,,1
BAIK,,none,,1
Ballerina,Ballerina,exact,,1
Bash,Shell,alias,,1
BASIC,BASIC,exact,,1
BASIC 256,,none,,1
Batch,Batchfile,alias,,1
Batsh,,none,,1
Battlestar,,none,,1
BBC BASIC,,none,,1
BC,,none,,1
BC GNU,,none,,1
BCPL,,none,,1
Beanshell,,none,,1
Beatnik,,none,,1
Beef,Beef,exact,,1
Befunge,Befunge,exact,,1
BennuGD,,none,,1
Beta,,none,,1
Bhai Lang,,none,,1
Bicep,Bicep,exact,,1
Binaryfuck,,none,,1
BIRL,,none,,1
BIT,,none,,1
BitBitJump,,none,,1
Bitsbox,,none,,1
BlackRum,,none,,1
Blawn,,none,,1
BLC,,none,,1
Blender,,none,,1
Blitz3D,BlitzBasic,alias,,1
Bloop,,none,,1
Blub,,none,,1
Bolgefuck,,none,,1
Boo,Boo,exact,,1
Boolet,,none,,1
Boolfuck,,none,,1
Bosque,,none,,1
Bottle,,none,,1
Brainfuck,Brainfuck,exact,,1
Brainfuck 2D,,none,,1
Brainloller,,none,,1
Brainrot,,none,,1
Broccoli,,none,,1
BRZRK,,none,,1
BuddyScript,,none,,1
Burlesque,,none,,1
Byter,,none,,1
C,C,exact,,1
C Shell,Tcsh,manual,Linguist's Tcsh lists csh as interpreter and .csh as extension,1
C*,,none,,1
C+,,none,,1
C++,C++,exact,,1
C+++,,none,,1
C--,,none,another language than C,1
Cache ObjectScript,ObjectScript,manual,InterSystems Caché's ObjectScript,1
Cadence,Cadence,exact,,1
CAML,,none,,1
Candy,,none,,1
Cantonese,,none,,1
Carbon,Carbon,exact,,1
Cardinal,,none,,1
Casio BASIC,,none,,1
CASL2,,none,,1
cat,,none,,1
Catrobat,,none,,1
Cbot,,none,,1
Cduce,,none,,1
CEBL,,none,,1
Centura,,none,,1
CESIL,,none,,1
Ceylon,Ceylon,exact,,1
CFEngine,,none,,1
CGI,,none,,1
Chaos,,none,,1
Chapel,Chapel,exact,,1
Charcoal,,none,,1
Charcoal verbose mode,,none,,1
Charly,,none,,1
ChaScript,,none,,1
ChavaScript,,none,,1
Cheddar,,none,,1
Cheese++,,none,,1
Chef,,none,,1
Chem,,none,,1
CherryPy,,none,,1
Chicken,,none,,1
ChinesePython,,none,,1
Cil,IL Assembly,manual,.NET's Common Intermediate Language (Linguist's CIL is SELinux's),1
Clean,Clean,exact,,1
Clio,,none,,1
Clipper,xBase,alias,,1
CLIPS,CLIPS,exact,,1
CLISP,,none,,1
Clojure,Clojure,exact,,1
CLU,,none,,1
CMake,CMake,exact,,1
COBOL,COBOL,exact,,1
CobolScript,,none,,1
Cobra,,none,,1
Coconut,,none,,1
CoffeeScript,CoffeeScript,exact,,1
ColdFusion,ColdFusion,exact,,1
Come Here,,none,,1
Comefrom0x10,,none,,1
Common Lisp,Common Lisp,exact,,1
Concurnas,,none,,1
Cone,,none,,1
ContinuesEquation,,none,,1
Control Language,,none,,1
Cool,Cool,exact,,1
Coq,Rocq Prover,alias,,1
Cor,,none,,1
Coral 66,,none,,1
Cotowali,,none,,1
COW,,none,,1
Cryptol,,none,,1
Crystal,Crystal,exact,,1
CSharp,C#,alias,,1
CSON,CSON,exact,,1
CSS,CSS,exact,,1
Cubix,,none,,1
Cuda,Cuda,exact,,1
Cuneiform,,none,,1
Curry,Curry,exact,,1
Cyclone,,none,,1
CypherNeo4j,Cypher,manual,Neo4j's Cypher,1
Cω,,none,"an extension of C#, not C",1
D,D,exact,,1
dark,,none,,1
Dart,Dart,exact,,1
Darwin,,none,,1
daScript,Daslang,manual,daScript's new name,1
DataFlex,,none,,1
Db2,,none,,1
dBase,xBase,manual,the language xBase is named after,1
Dc,,none,,1
DCL,DIGITAL Command Language,alias,,1
DCPU,,none,,1
DD DD,,none,,1
Decimal,,none,,1
Delphi,Pascal,alias,,2
Deno,,none,,1
Desmos,,none,,1
dg,,none,,1
Dictu,,none,,1
Dis,,none,,1
Divzeros,,none,,1
Django,,none,a web framework (the file is Python); Linguist's alias django is Jinja's,1
DNA#,,none,,1
DNCL,,none,,1
DOG,,none,,1
DogeScript,Dogescript,exact,spelling,1
DOGO,,none,,1
dongbei,,none,,1
dos,Batchfile,manual,DOS batch (dosbatch is a Linguist alias),1
Dotlang,,none,,1
DPATL Python,,none,,1
Draco,,none,,1
Dragon,,none,,1
DreamMaker,DM,manual,BYOND's Dream Maker language,1
Drive-In Window,,none,,1
DTrace,DTrace,exact,,1
DUP,,none,,1
Dylan,Dylan,exact,,1
Dyvil,,none,,1
D♭♭,,none,another language than D,1
E,E,exact,,1
e62qpodb593,,none,,1
EBuild,Gentoo Ebuild,manual,,1
Ec,eC,exact,spelling,1
EchoLisp,,none,,1
Efene,,none,,1
Egison,,none,,1
Egl,,none,,1
Eiffel,Eiffel,exact,,1
Elena,,none,,1
Elixir,Elixir,exact,,2
Elm,Elm,exact,,1
Elvish,Elvish,exact,,1
EmacsLisp,Emacs Lisp,exact,spelling,1
Emerald,,none,,1
Emmental,,none,,1
Emoji,,none,,1
Emojicode,,none,,1
EmojiCoder,,none,,1
Emoticon,,none,,1
Emotinomicon,,none,,1
Enkelt,,none,,1
EO,,none,,1
EOOOL,,none,,1
EPL,,none,,1
Erg,,none,,1
Erlang,Erlang,exact,,1
Erlang EScript,Erlang,manual,an Erlang script,1
es,,none,,1
ESOPUNK,,none,,1
Euphoria,Euphoria,exact,,1
Evil,,none,,1
Executable,,none,,1
Express,,none,,1
F,,none,,1
F#,F#,exact,,1
Factor,Factor,exact,,1
Factors,,none,,1
Falcon,,none,,1
False,,none,,1
Fancy,Fancy,exact,,1
Fantom,Fantom,exact,,1
FastAPI,,none,,1
Felix,,none,,1
Fennel,Fennel,exact,,1
Ferite,,none,,1
Fetlang,,none,,1
Fim++,,none,,1
Fish,fish,exact,spelling,1
Fist,,none,,1
Fjoelnir,,none,,1
FlaScript,,none,,1
Flask,,none,,1
Flix,Flix,exact,,1
Flutter,,none,,1
Fob,,none,,1
Focal,,none,,1
Fog.fog,,none,,1
Foo,,none,,1
Forobj,,none,,1
Forth,Forth,exact,,1
Fortob,,none,,1
Fortran,Fortran;Fortran Free Form,manual,"Linguist splits Fortran by source form (fixed, free); the label covers both",1
Fortran77,Fortran,manual,a version (fixed form),1
Fourier,,none,,1
FoxPro,xBase,alias,,1
Fractran++,,none,,1
FreakC,,none,,1
Freebrain,,none,,1
Frink,,none,,1
FROM HERE TO THERE,,none,,1
FStar,F*,alias,,1
G-BASIC,,none,,1
GAML,GAML,exact,,1
Gammaplex,,none,,1
GASOIL,,none,,1
GDScript,GDScript,exact,,1
Gecho,,none,,1
Genie,Genie,exact,,1
Gentzen,,none,,1
GeoJSON,JSON,alias,,1
GFA Basic,,none,,1
Gibberish,,none,,1
GitHub Actions,,none,,1
Glass,,none,,1
Gleam,Gleam,exact,,1
Gluon,,none,,1
GML,Game Maker Language,manual,the file is Game Maker Language,1
Go,Go,exact,,1
Go+,,none,,1
Gocaml,,none,,1
Goldfish,,none,,1
Golfscript,,none,,1
Golo,Golo,exact,,1
Google Apps Script,,none,,1
Gosu,Gosu,exact,,2
GOTO++,,none,,1
GraphQL,GraphQL,exact,,1
Gravity,,none,,1
GreeeeeeeeenText,,none,,1
Green Marl,,none,,1
Gri,,none,,1
GridScript,,none,,1
Grin,,none,,1
Grok,,none,,1
groot,,none,,1
Groovy,Groovy,exact,,1
GTA3Script,,none,,1
Gui4Cli,,none,,1
H++,,none,,1
Hack,Hack,exact,,1
Haifuckqueue,,none,,1
Haml,Haml,exact,,1
Hamler,,none,,1
Harbour,Harbour,exact,,1
Hare,Hare,exact,,1
Haskell,Haskell,exact,,1
Haxe,Haxe,exact,,1
haystack,,none,,1
Hello,,none,,1
Hello++,,none,,1
HEX,,none,,1
Hexish,,none,,1
Higher Subleq,,none,,1
Hodor,,none,,1
Hollow,,none,,1
Holy C,HolyC,exact,spelling,1
Homespring,,none,,1
HOP,,none,,1
HP_41C,,none,,1
HQ9+,,none,,1
HQ9++,,none,,1
HQ9funge,,none,,1
HSP,,none,,1
HTML,HTML,exact,,1
HTTP,,none,a protocol (the file is Python); Linguist's HTTP is request/response text,1
Hubot,,none,,1
Huf,,none,,1
Husk,,none,,1
Hy,Hy,exact,,1
HyperTalk,,none,,1
H🌍,,none,,1
I5,,none,,1
IBM1401,,none,,1
IcedCoffeeScript,,none,,1
ICI,,none,,1
Icon,,none,,1
IDK,,none,,1
IDL,IDL,exact,,1
Idris,Idris,exact,,1
Il,IL Assembly,manual,.NET's intermediate language,1
INCAL,,none,,1
InDec,,none,,1
Inform,Inform 7,manual,"the file is Inform 7, Linguist's only Inform",1
Ink,Ink,exact,,1
Inkling,,none,,1
Integral,,none,,1
Intercal,,none,,1
Io,Io,exact,,1
Ioke,Ioke,exact,,1
IRC,,none,an mIRC command; Linguist's IRC log is a chat log,1
IronScheme,,none,,1
Iscom,,none,,1
ISLISP,,none,,1
ITAMFSARL,,none,,1
J,J,exact,,1
J#,,none,,1
Jade,Pug,manual,Jade's new name,1
Jai,Jai,exact,,1
Jakt,,none,,1
Jasmin,Jasmin,exact,,1
Jason,,none,,1
Java,Java,exact,,1
JavaScript,JavaScript,exact,,1
Jelly,,none,,1
Jenkinsfile,,none,,1
Jess,,none,,1
Jolie,Jolie,exact,,1
JScript,,none,,1
JSFuck,,none,,1
JSON,JSON,exact,,1
JSONiq,JSONiq,exact,,1
JSX(DeNA),,none,,1
JSX(Facebook),,none,,1
JudoScript,,none,,1
Julia,Julia,exact,,1
Jython,,none,,1
K,,none,,1
Karel,,none,,1
Ked,,none,,1
KimL,,none,,1
Kinx,,none,,1
Kipple,,none,,1
Kitanai,,none,,1
Kitten,,none,,1
Kivy,,none,,1
Koa,,none,,1
Kobeři-C,,none,,1
Kojo,,none,,1
Koka,Koka,exact,,1
Kotlin,Kotlin,exact,,1
Kotlin Script,Kotlin,manual,Kotlin's script form (.kts is a Kotlin extension),1
KSH,Shell,manual,Linguist's Shell lists ksh as interpreter and .ksh as extension,1
KSP,,none,,1
Kuin,,none,,1
Kumir,,none,,1
Kv,kvlang,manual,Kivy's language,1
Labyrinth,,none,,1
LassoScript,Lasso,alias,,1
LaTeX,TeX,alias,,1
Latino,,none,,1
LazyK,,none,,1
LBL,,none,,1
LCoffee,,none,,1
Lean,Lean;Lean 4,manual,"the label covers Lean 3 and Lean 4, two languages in Linguist",1
Less,Less,exact,,1
Leszek,,none,,1
libavg,,none,,1
LibreOffice Basic,,none,,1
"Like, Python",,none,,1
LilyPond,LilyPond,exact,,1
Limbo,Limbo,exact,,1
LINE entry,,none,,1
Lingo,,none,,1
Lisaac,,none,,1
Lisp,Common Lisp,alias,,1
ListLang,,none,,1
LiveCode,LiveCode Script,manual,,1
LiveScript,LiveScript,exact,,1
llrl,,none,,1
LLVM,LLVM,exact,,1
LNUSP,,none,,1
Locomotive Basic,,none,,1
Logicode,,none,,1
Logo,,none,,1
Logtalk,Logtalk,exact,,1
LOLA,,none,,1
LOLCODE,LOLCODE,exact,,1
LOLPython,,none,,1
Lost,,none,,1
LotusScript,,none,,1
LSL,LSL,exact,,1
Lua,Lua,exact,,1
Lua Grimex,,none,,1
Luau,Luau,exact,,1
LWC,,none,,1
Löve,,none,,1
M4,M4,exact,,1
MacLisp,,none,,1
Macsyma,,none,,1
Magic,,none,,1
Make,Makefile,alias,,1
Malbolge,,none,,1
Mana,,none,,1
Manim,,none,,1
Maple,,none,,1
MarioLANG,,none,,1
Markdown,Markdown,exact,,1
Mathematica,Wolfram Language,alias,,1
Mathematica Online,,none,,1
MATLAB,MATLAB,exact,,1
MATLAB 1.0,MATLAB,manual,a version,1
Maxima,,none,,1
MaxScript,MAXScript,exact,spelling,1
Mel,,none,,1
MemeAssembly,,none,,1
Meq,,none,,1
Mercury,Mercury,exact,,1
MicroPython,,none,,1
MilkScript,,none,,1
Millfork,,none,,1
Mind,,none,,1
Minecraft,,none,,1
Minecraft Script,,none,,1
Mint,Mint,exact,,1
Mips,,none,,1
Miranda,,none,,1
Mirc,mIRC Script,manual,,1
Mmmm(),,none,,1
ModiScript,,none,,1
Modula 2,Modula-2,exact,spelling,1
Modula 3,Modula-3,exact,spelling,1
Mojo,Mojo,exact,,1
Mokkosu,,none,,1
Mongo,,none,,1
Monkey,,none,"the Monkey of 'Writing an Interpreter in Go' (puts), not Monkey X",1
Monte,,none,,1
Moo,Moocode,manual,LambdaMOO's language,1
MOONBlock,,none,,1
Moonscript,MoonScript,exact,spelling,1
Morloc,,none,,1
Morse code,,none,,1
Mostawesomeprograminglanguage,,none,,1
Mouse,,none,,1
Move,Move,exact,,1
Mozart,,none,,1
Mr Hashemi,,none,,1
Muf,MUF,exact,spelling,1
Mumps,M,alias,,1
Muon,,none,,1
Mushcode,,none,,1
MXML,,none,,1
Myrddin,,none,,1
MySQL,,none,,1
Neko,,none,,1
Nelua,,none,,1
Nemerle,Nemerle,exact,,1
NetRexx,,none,,1
NewLISP,NewLisp,exact,spelling,1
NewtonScript,,none,,1
Ni,,none,,1
Nial,,none,,1
Nice,,none,,1
Night,,none,,1
Nim,Nim,exact,,1
Nit,Nit,exact,,1
NoCode,,none,,1
Node.js,,none,,1
NoFlo,,none,,1
Not Python,,none,,1
Novice,,none,,1
Nu,Nu,exact,,1
NWScript,NWScript,exact,,1
NXC,,none,,1
o:XML,,none,,1
Oberon,Oberon,exact,,1
Oberon 2,,none,,1
Obix,,none,,1
Obj,,none,,1
Object Pascal,Pascal,alias,,1
Objective C,Objective-C,exact,spelling,1
Objective J,Objective-J,exact,spelling,1
ObjectStar,,none,,1
OCaml,OCaml,exact,,1
occam,,none,,1
Octave,MATLAB,alias,,1
Odin,Odin,exact,,1
oK,,none,,1
Omgrofl,Omgrofl,exact,,1
ON THE WAY TO WHO KNOWS WHERE,,none,,1
One,,none,,1
Ooc,ooc,exact,spelling,1
Ook!,,none,,1
Opa,Opa,exact,,1
OpenLaszlo,,none,,1
Oracle SQL,,none,,1
Orc,,none,,1
Org-mode,Org,manual,,1
Orion,,none,,1
OSTRAJava,,none,,1
OX,,none,the file is Oz; Linguist's Ox is an econometrics language,1
Oxygene,Oxygene,exact,,1
Painter Programming,,none,,1
Pakhi,,none,,1
Pangaea,,none,,1
Panther,,none,,1
ParaSail,,none,,1
Parenthetic,,none,,1
Parser,,none,,1
Pascal,Pascal,exact,,1
Passerine,,none,,1
Pattern Language,,none,,1
Pauscal,,none,,1
Pawn,Pawn,exact,,1
PB,,none,,1
PBWin,,none,,1
PCASTL,,none,,1
Pebble,,none,,1
PeopleCode,,none,,1
Peregrine,,none,,1
Perfume,,none,,1
Perl,Perl,exact,,2
Perl6,Raku,alias,,1
Perseus,,none,,1
Pharo,,none,,1
Phi,,none,,1
Phix,,none,,1
PHP,PHP,exact,,1
PiCat,,none,,1
Piet,,none,,1
Pig,PigLatin,manual,Apache Pig's language,1
PikaLang,,none,,1
Pike,Pike,exact,,1
Pikelet!,,none,,1
Pinecone,,none,,1
Pit,,none,,1
Pizza,,none,,1
PL/SQL,PLSQL,exact,spelling,1
Plain text,Text,alias,,1
Please Porige Hot,,none,,1
PLI,,none,,1
Pluvo,,none,,1
Poketlang,,none,,1
Polynomial,,none,,1
Pony,Pony,exact,,1
Porth,,none,,1
Portugol,Portugol,exact,,1
PostCSS,PostCSS,exact,,1
Postgre SQL,,none,,1
PostScript,PostScript,exact,,1
PostScript Page,PostScript,manual,,1
PosXML,,none,,1
Potaka,,none,,1
Potigol,,none,,1
Power Fx,,none,,1
PowerBuilder,PowerBuilder,exact,,1
PowerShell,PowerShell,exact,,1
Printscript,,none,,1
Processing,Processing,exact,,1
Profan,,none,,1
Prolog,Prolog,exact,,1
Promela,Promela,exact,,1
ProvideX,,none,,1
Pug,Pug,exact,,1
Pure Data,Pure Data,exact,,1
PureBasic,PureBasic,exact,,1
PureScript,PureScript,exact,,1
Pxem,,none,,1
Pygame,,none,,1
PyQt4,,none,,1
PyQt5,,none,,1
Pyret,Pyret,exact,,1
PySide2,,none,,1
PySimpleGUI,,none,,1
Pyth,,none,,1
Python 2,Python,manual,a version,1
Python 3,Python,alias,,1
pythOwO,,none,,1
Q,q,exact,spelling,1
Qalb,,none,,1
QBasic,QuickBASIC,alias,,1
QCL,,none,,1
Qi,,none,,1
Qore,,none,,1
QSharp,Q#,alias,,1
QU,,none,,1
QuakeC,QuakeC,exact,,1
QuartzComposer,,none,,1
Qugord,,none,,1
Quorum,,none,,1
QWERTY,,none,,1
R,R,exact,,1
Racket,Racket,exact,,1
Radixal,,none,,1
Rafflalang,,none,,1
Raku,Raku,exact,,1
Rapira,,none,,1
RatFor,,none,,1
React,,none,,1
React Native,,none,,1
React360,,none,,1
Readlink,,none,,1
RealBasic,REALbasic,exact,spelling,1
Reason,Reason,exact,,1
REBMU,,none,,1
Rebol,Rebol,exact,,2
Recurse,,none,,1
Red,Red,exact,,1
Redis,,none,,1
Refal,,none,,1
ReScript,ReScript,exact,,1
reStructuredText,reStructuredText,exact,,1
Retina,,none,,1
Retro,,none,,1
Rexx,REXX,exact,spelling,1
Rick Roll,,none,,1
Ricktea,,none,,1
Ride,,none,,1
Ring,Ring,exact,,1
RiveScript,,none,,1
Robot Framework,RobotFramework,exact,spelling,1
Rockstar,,none,,1
Roco,,none,,1
Rotor,,none,,1
Roy,,none,,1
RPG,,none,,1
RPG IV,RPGLE,manual,ile rpg is a Linguist alias,1
RTL2,,none,,1
Ruby,Ruby,exact,,1
Ruby on Rails,,none,,1
Rune,,none,,1
Ruota,,none,,1
Rust,Rust,exact,,1
S Algol,,none,,1
Sacred,,none,,1
Sal,,none,,1
Sas,SAS,exact,spelling,1
Sass,Sass,exact,,1
Sather,,none,,1
Sawa,,none,,1
Scala,Scala,exact,,1
Scheme,Scheme,exact,,1
SCHWift,,none,,1
SCILab,Scilab,exact,spelling,1
Scratch 1,,none,,1
Scratch 2,,none,,1
Scratch 3,,none,,1
Scratch Blocks,,none,,1
SCSS,SCSS,exact,,1
Sed,sed,exact,spelling,1
Seed,,none,,1
Seed7,,none,,1
Self,Self,exact,,1
Semicolon,,none,,1
SendStuff,,none,,1
Setanta,,none,,1
Shakespeare,,none,,1
Shell,Shell,exact,,1
Shen,Shen,exact,,1
Sidekiq,,none,,1
SIL,,none,,1
Simpl+,,none,,1
Simula,,none,,1
Skip,,none,,1
Skript,,none,,1
Slashes,,none,,1
Slim,Slim,exact,,1
Smali,Smali,exact,,1
SmallTalk,Smalltalk,exact,spelling,1
SmallTalk GNU,,none,,1
Smallworld MAGIK,,none,,1
Smil,,none,,1
SmileBASIC,,none,,1
SML,Standard ML,alias,,1
Snap!,,none,,1
Snekky,,none,,1
SNOBOL,,none,,1
Snowman,,none,,1
Solidity,Solidity,exact,,1
SoupScript,,none,,1
SparQL,SPARQL,exact,spelling,1
Spoon,,none,,1
SPSS,,none,,1
SPWN,,none,,1
SQL,SQL,exact,,1
Squirrel,Squirrel,exact,,1
Standard ML,Standard ML,exact,,1
Stanza,,none,,1
Starlark,Starlark,exact,,1
Stone,,none,,1
Streem,,none,,1
Stuck,,none,,1
Stylus,Stylus,exact,,1
SubleQ,,none,,1
SuperCollider,SuperCollider,exact,,1
Sus,,none,,1
Svelte,Svelte,exact,,1
SVG,SVG,exact,,1
Swift,Swift,exact,,1
Swift Playgrounds,,none,,1
SystemTap,,none,,1
Tabloid,,none,,1
Takeover,,none,,1
Tao Presentations,,none,,1
TapeBagel,,none,,1
Tcl,Tcl,exact,,1
TCSH,Tcsh,exact,spelling,1
Tea,,none,a scripting language (echo); Linguist's Tea is a template language,1
Telephone,,none,,1
Tengo,,none,,1
Terra,Terra,exact,,1
Terraform,HCL,alias,,1
TeX,TeX,exact,,1
ThotPatrol,,none,,1
THP,,none,,1
THROW THIS TO THAT,,none,,1
Thue,,none,,1
TI Hexadecimal,,none,,1
TIBasic,,none,,1
Tk,,none,,1
Tkinter,,none,,1
Tokay,,none,,1
TOML,TOML,exact,,1
Tonyu,,none,,1
TopShell,,none,,1
Trans-dimensional,,none,,1
Tri,,none,,1
TrollScript,,none,,1
TrumpScript,,none,,1
TSharp,,none,,1
TSQL,TSQL,exact,,1
TTCN3,,none,,1
TTSneo,,none,,1
Turing,Turing,exact,,2
Turtle Script,,none,,1
Twocode,,none,,1
TypeScript,TypeScript,exact,,1
Ubercode,,none,,1
Ubiquity,,none,,1
Umajin,,none,,1
Umka,,none,,1
Underload,,none,,1
Unicomal,,none,,1
Unicon,,none,,1
Uniface,,none,,1
Unlambda,,none,,1
Unreal Script,UnrealScript,exact,spelling,1
UrduPython,,none,,1
uwu,,none,,1
V,V,exact,"except v/V: an esoteric V (iHello World); the other file labelled V, V.v, is Vlang",2
Vala,Vala,exact,,1
Vale,,none,,1
VB.NET,Visual Basic .NET,alias,,1
Velato,,none,,1
Verbose,,none,,1
VerboseFuck,,none,,1
Verilog,Verilog,exact,,1
Verve,,none,,1
VHDL,VHDL,exact,,1
Vi,,none,,1
VimScript,Vim script,exact,spelling,1
Virgil,,none,,1
Visual Basic,Visual Basic .NET,alias,,1
Visual Basic for Applications,VBA,alias,,1
Visual Basic Script,VBScript,manual,,1
VisualFoxPro,xBase,manual,foxpro is a Linguist alias of xBase,1
VisuAlg,,none,,1
VJass,,none,,1
VMS,,none,,1
Vowels,,none,,1
VRML,,none,,1
Vue,Vue,exact,,1
Wax,,none,,1
WebAssembly,WebAssembly,exact,,1
Wheat,,none,,1
Whenever,,none,,1
Whiley,Whiley,exact,,1
Whirl,,none,,1
Whitespace,,none,,1
Wierd,,none,,1
WikiText,Wikitext,exact,spelling,1
WML,,none,,1
WolframLanguage,Wolfram Language,exact,spelling,1
wowLang,,none,,1
Wren,Wren,exact,,1
WSH,,none,,1
WurstScript,,none,,1
wxPython,,none,,1
Wyvern,,none,,1
X D,,none,,1
X++,,none,,1
X10,X10,exact,,1
XBase,xBase,exact,spelling,1
XBase++,xBase,manual,"Linguist's xBase gathers the dBase dialects (clipper, foxpro, advpl)",1
XBasic,,none,,1
XHTML,HTML,alias,,1
Xihcute,,none,,1
XL,,none,,1
XLisp,,none,,1
Xlogo,,none,,1
XML,XML,exact,,1
XOTcl,,none,,1
XPL0,,none,,1
XQuery,XQuery,exact,,1
XRF,,none,,1
XSLT,XSLT,exact,,1
Xtal,,none,,1
XUL,,none,,1
Y,,none,,1
YAML,YAML,exact,,1
YASKC,,none,,1
Yoix,,none,,1
YoLang,,none,,1
YoptaScript,,none,,1
Yorick,,none,,1
Your Mom,,none,,1
Z Shell,Shell,manual,zsh is a Linguist alias,1
ZBD,,none,,1
Zepto,,none,,1
Zetaplex,,none,,1
Zhpy,,none,,1
Zig,Zig,exact,,1
Zim,,none,,1
Zimbu,,none,,1
Zinc,,none,,1
Zombie,,none,,1
Zonnon,,none,,1
ZPL,,none,,1
ZScript,,none,,1
ZSharp,,none,,1
Zsq,,none,,1
zx,,none,,1
~English,,none,,1
Ć,,none,,1
μλ,,none,,1
قلب,,none,,1
ᚱᚢᚾᛅᛦ,,none,,1
うんちく,,none,,1
なでしこ,,none,,1
ひまわり,,none,,1
タイルズ,,none,,1
ドリトル,,none,,1
プロデル,,none,,1
文言,,none,,1
易语言,,none,,1
火星文,,none,,1
秀丸マクロ,,none,,1
🆒,,none,,1
