sha1_git,filename,stratum,weight,human,judge,judge2,linguist,pygments,ours,synid:default,synid:no comment,synid:no hyply heuristics,synid:no pygments heuristics,synid:no hyply classifier,synid:extension only,synid_kind,synid_correct,utf8,mechanism
b462101dba6df91b186956e01337c58ec5962df7,cosd.m,disagree,2.2,octave,octave,octave,matlab,objective-c,octave,MATLAB,MATLAB,MATLAB,MATLAB,MATLAB,Limbo|M|MATLAB|MUF|Mason|Mercury|Objective-C|Wolfram Language,language,True,True,
6bb32ed06e76d8cb34ddfaf03c5f5decd0d4a8f6,Dampeningeffect_2_a.m,disagree,2.2,matlab,matlab,matlab,unknown,objective-c,matlab,Text,Text,Text,MATLAB,Text,Limbo|M|MATLAB|MUF|Mason|Mercury|Objective-C|Wolfram Language,text,False,True,"Pygments heuristics: no heuristic of the remaining candidates matched, so the strategy's default ""Text"" became the answer, before the Bayesian classifier could run; without that strategy the classifier answers MATLAB (right)"
44b416ccaddc23b687965dc8e43dbc9de9e2b794,Utils.m,agree,48.36842105263158,matlab,matlab,matlab,matlab,matlab,matlab,Limbo|M|MATLAB|MUF|Mason|Mercury|Objective-C|Wolfram Language,Limbo|M|MATLAB|MUF|Mason|Mercury|Objective-C|Wolfram Language,Limbo|M|MATLAB|MUF|Mason|Mercury|Objective-C|Wolfram Language,Limbo|M|MATLAB|MUF|Mason|Mercury|Objective-C|Wolfram Language,Limbo|M|MATLAB|MUF|Mason|Mercury|Objective-C|Wolfram Language,Limbo|M|MATLAB|MUF|Mason|Mercury|Objective-C|Wolfram Language,undecided,False,False,"content not valid UTF-8: `synid file` cannot read it, every content strategy is skipped and the extension's candidates are returned"
9a9db3b48faf23363642c16a98b0bc9bd90d616b,print_smv_phase_transition_noiseless.m,disagree,2.2,matlab,matlab,matlab,unknown,objective-c,matlab,Text,Text,Text,MATLAB,Text,Limbo|M|MATLAB|MUF|Mason|Mercury|Objective-C|Wolfram Language,text,False,True,"Pygments heuristics: no heuristic of the remaining candidates matched, so the strategy's default ""Text"" became the answer, before the Bayesian classifier could run; without that strategy the classifier answers MATLAB (right)"
1fa4cb2b6c7b76359583c0a3458b3180107e9418,comparator.m,agree,48.36842105263158,matlab,matlab,matlab,matlab,matlab,matlab,MATLAB,MATLAB,MATLAB,MATLAB,MATLAB,Limbo|M|MATLAB|MUF|Mason|Mercury|Objective-C|Wolfram Language,language,True,True,
b688de3330c3656bea159db58a42ac0ef84687ac,Compute_Derivatives.m,agree,48.36842105263158,matlab,matlab,matlab,matlab,matlab,matlab,MATLAB,MATLAB,MATLAB,MATLAB,MATLAB,Limbo|M|MATLAB|MUF|Mason|Mercury|Objective-C|Wolfram Language,language,True,True,
7e0992b8030593deb2497a0b7dcabb4d06ba8f32,Transfer_08-09-20_NC_Prot_opt_da0_G_a-1040_P6.m,disagree,2.2,mathematica-wolfram,mathematica-wolfram,mathematica-wolfram,mathematica-wolfram,objective-c,mathematica-wolfram,Text,Text,Text,Limbo,Text,Limbo|M|MATLAB|MUF|Mason|Mercury|Objective-C|Wolfram Language,text,False,True,"Pygments heuristics: no heuristic of the remaining candidates matched, so the strategy's default ""Text"" became the answer, before the Bayesian classifier could run; without that strategy the classifier answers Limbo (still wrong)"
b536843878e0920b9f7df80c49974db3df7c7993,PublishViewController.m,agree,48.36842105263158,objective-c,objective-c,objective-c,objective-c,objective-c,objective-c,Objective-C,Objective-C,Objective-C,Objective-C,Objective-C,Limbo|M|MATLAB|MUF|Mason|Mercury|Objective-C|Wolfram Language,language,True,True,
20a3c558d3e9a078b936a5100e7ac40254be7d19,plot_WBmod_strokeMINcoeff_TorqueAxis1UP.m,disagree,2.2,matlab,matlab,matlab,matlab,objective-c,matlab,MATLAB,MATLAB,MATLAB,MATLAB,MATLAB,Limbo|M|MATLAB|MUF|Mason|Mercury|Objective-C|Wolfram Language,language,True,True,
146faacad4fb470a095fcb1a6429901e4ee816e9,Hiuristic_staff.m,agree,48.36842105263158,matlab,matlab,matlab,matlab,matlab,matlab,MATLAB,MATLAB,MATLAB,MATLAB,MATLAB,Limbo|M|MATLAB|MUF|Mason|Mercury|Objective-C|Wolfram Language,language,True,True,
f48c8919117774c898d236dc8a61632bc3da3e7d,chainimages.m,disagree,2.2,matlab,matlab,matlab,matlab,objective-c,matlab,MATLAB,MATLAB,MATLAB,MATLAB,MATLAB,Limbo|M|MATLAB|MUF|Mason|Mercury|Objective-C|Wolfram Language,language,True,True,
a9e039af425c8cac9a9087d0c0290a880e386b52,symb01ValsRec.m,disagree,2.2,mathematica-wolfram,mathematica-wolfram,mathematica-wolfram,mathematica-wolfram,objective-c,mathematica-wolfram,Text,Text,Text,Objective-C,Text,Limbo|M|MATLAB|MUF|Mason|Mercury|Objective-C|Wolfram Language,text,False,True,"Pygments heuristics: no heuristic of the remaining candidates matched, so the strategy's default ""Text"" became the answer, before the Bayesian classifier could run; without that strategy the classifier answers Objective-C (still wrong)"
d0576414217cf3babadca996f6ad53e40e514b74,TreeViewController.m,agree,48.36842105263158,objective-c,objective-c,objective-c,objective-c,objective-c,objective-c,Objective-C,Objective-C,Objective-C,Objective-C,Objective-C,Limbo|M|MATLAB|MUF|Mason|Mercury|Objective-C|Wolfram Language,language,True,True,
4f45185a0be32efd533f146529e2fcbc36a97fb7,Tone.m,disagree,2.2,matlab,matlab,matlab,unknown,objective-c,matlab,Text,Text,Text,MATLAB,Text,Limbo|M|MATLAB|MUF|Mason|Mercury|Objective-C|Wolfram Language,text,False,True,"Pygments heuristics: no heuristic of the remaining candidates matched, so the strategy's default ""Text"" became the answer, before the Bayesian classifier could run; without that strategy the classifier answers MATLAB (right)"
461a890cf58094a804747f56e7288659685768b4,GTKBin.m,agree,48.36842105263158,objective-c,objective-c,objective-c,objective-c,objective-c,objective-c,Objective-C,Objective-C,Objective-C,Objective-C,Objective-C,Limbo|M|MATLAB|MUF|Mason|Mercury|Objective-C|Wolfram Language,language,True,True,
6ca1a94ab387c8a86e7efb8aeaef674a50ddc2e1,simplify_goal_switch.m,disagree,2.2,mercury,mercury,mercury,mercury,matlab,mercury,Mercury,Mercury,MATLAB,Mercury,Mercury,Limbo|M|MATLAB|MUF|Mason|Mercury|Objective-C|Wolfram Language,language,True,True,
1f3bba4d2cd6267437ec093b677e71e57c13ef3c,ENEQNX2.m,disagree,2.2,mumps-m,mumps-m,mumps-m,mumps-m,objective-c,mumps-m,M,M,Text,M,M,Limbo|M|MATLAB|MUF|Mason|Mercury|Objective-C|Wolfram Language,language,True,True,
4b700d2e4564e793ec685f9bc5004a860d46020d,SWEyeDropperTool.m,agree,48.36842105263158,objective-c,objective-c,objective-c,objective-c,objective-c,objective-c,Objective-C,Objective-C,Objective-C,Objective-C,Objective-C,Limbo|M|MATLAB|MUF|Mason|Mercury|Objective-C|Wolfram Language,language,True,True,
dfc7a03b83b4b0c7ef5bb8cfea0f7aa730852a55,radae_plots.m,disagree,2.2,matlab,octave,octave,matlab,objective-c,octave,MATLAB,MATLAB,MATLAB,MATLAB,MATLAB,Limbo|M|MATLAB|MUF|Mason|Mercury|Objective-C|Wolfram Language,language,True,True,
f801588fbe7ccdb0cf4549c4097fe5bc8e135a24,"64S14-4,8,8-g17-path7-notcomputed.m",disagree,2.2,magma,magma,magma,unknown,objective-c,magma,Text,Text,Text,Mercury,Text,Limbo|M|MATLAB|MUF|Mason|Mercury|Objective-C|Wolfram Language,text,False,True,"Pygments heuristics: no heuristic of the remaining candidates matched, so the strategy's default ""Text"" became the answer, before the Bayesian classifier could run; without that strategy the classifier answers Mercury (still wrong); and the language is not among Synid's candidates for `.m`"
8152648f7580ccf6d5b4996ca023b1758b17489c,main_QP_test.m,disagree,2.2,matlab,matlab,matlab,unknown,objective-c,matlab,Text,Text,Text,MATLAB,Text,Limbo|M|MATLAB|MUF|Mason|Mercury|Objective-C|Wolfram Language,text,False,True,"Pygments heuristics: no heuristic of the remaining candidates matched, so the strategy's default ""Text"" became the answer, before the Bayesian classifier could run; without that strategy the classifier answers MATLAB (right)"
6a9f899df8665c1253be9f8a2f7d02b10ca3df92,post_term_analysis.m,disagree,2.2,mercury,mercury,mercury,mercury,matlab,mercury,Mercury,Mercury,MATLAB,Mercury,Mercury,Limbo|M|MATLAB|MUF|Mason|Mercury|Objective-C|Wolfram Language,language,True,True,
8c09f9cf9acd12d619c8869ff784d7e940833e6d,generate_forces_pro_ws_solver.m,agree,48.36842105263158,matlab,matlab,matlab,matlab,matlab,matlab,MATLAB,MATLAB,MATLAB,MATLAB,MATLAB,Limbo|M|MATLAB|MUF|Mason|Mercury|Objective-C|Wolfram Language,language,True,True,
bd36626611a8c98053f8c38bd231392b696158eb,zu-fuss.m,disagree,2.2,octave,octave,octave,unknown,objective-c,octave,Text,Text,Text,MATLAB,Text,Limbo|M|MATLAB|MUF|Mason|Mercury|Objective-C|Wolfram Language,text,False,True,"Pygments heuristics: no heuristic of the remaining candidates matched, so the strategy's default ""Text"" became the answer, before the Bayesian classifier could run; without that strategy the classifier answers MATLAB (right)"
d7647ff036e8dbbea6171d64e7a005434b7d17d7,main.m,disagree,2.2,c-or-cpp,c-or-cpp,c-or-cpp,unknown,objective-c,octave,Text,Text,Text,Objective-C,Text,Limbo|M|MATLAB|MUF|Mason|Mercury|Objective-C|Wolfram Language,text,False,True,"Pygments heuristics: no heuristic of the remaining candidates matched, so the strategy's default ""Text"" became the answer, before the Bayesian classifier could run; without that strategy the classifier answers Objective-C (still wrong); and the language is not among Synid's candidates for `.m`"
501d6f85d78b3eacf794f7535a35f67ee00bbd7b,PSOREJP1.m,disagree,2.2,mumps-m,mumps-m,mumps-m,mumps-m,objective-c,mumps-m,M,M,Objective-C,M,M,Limbo|M|MATLAB|MUF|Mason|Mercury|Objective-C|Wolfram Language,language,True,True,
a1ae221c9341b106732dd98e1e2fd0c9534c9c50,"128S124-8,8,8-g41-path194.m",disagree,2.2,magma,magma,magma,unknown,objective-c,magma,Text,Text,Text,Mercury,Text,Limbo|M|MATLAB|MUF|Mason|Mercury|Objective-C|Wolfram Language,text,False,True,"Pygments heuristics: no heuristic of the remaining candidates matched, so the strategy's default ""Text"" became the answer, before the Bayesian classifier could run; without that strategy the classifier answers Mercury (still wrong); and the language is not among Synid's candidates for `.m`"
f11636116bda9cc71df9eedd0cb596120fc8cc73,moxunit_fieldtrip_util_parse_walltime.m,disagree,,unknown,matlab,not-code,unknown,objective-c,matlab,Text,Text,Text,MATLAB,Text,Limbo|M|MATLAB|MUF|Mason|Mercury|Objective-C|Wolfram Language,text,False,True,
f0da3d99487d8bc9d85f3ab86bb10192f587d678,eigenvalue.m,disagree,2.2,matlab,matlab,matlab,unknown,objective-c,unknown,Text,Text,Text,MATLAB,Text,Limbo|M|MATLAB|MUF|Mason|Mercury|Objective-C|Wolfram Language,text,False,True,"Pygments heuristics: no heuristic of the remaining candidates matched, so the strategy's default ""Text"" became the answer, before the Bayesian classifier could run; without that strategy the classifier answers MATLAB (right)"
6865e1cfc864b7d1d463011967e055480505539d,deciles2.m,disagree,2.2,matlab,matlab,matlab,matlab,objective-c,matlab,MATLAB,MATLAB,MATLAB,MATLAB,MATLAB,Limbo|M|MATLAB|MUF|Mason|Mercury|Objective-C|Wolfram Language,language,True,True,
ddf374993dccb95f9c334ef305acbf0100cc6fd3,ViewUtils.m,agree,48.36842105263158,objective-c,objective-c,objective-c,objective-c,objective-c,objective-c,Objective-C,Objective-C,Objective-C,Objective-C,Objective-C,Limbo|M|MATLAB|MUF|Mason|Mercury|Objective-C|Wolfram Language,language,True,True,
64a0686502d5564e8d2a8a395a44c6850e850302,main.m,agree,48.36842105263158,objective-c,objective-c,objective-c,objective-c,objective-c,objective-c,Objective-C,Objective-C,Objective-C,Objective-C,Objective-C,Limbo|M|MATLAB|MUF|Mason|Mercury|Objective-C|Wolfram Language,language,True,True,
659c4479c79716e99a9167d782cf8b74109b2d4d,GEOSPRMetroAvailabilityFetcher.m,agree,48.36842105263158,objective-c,objective-c,objective-c,objective-c,objective-c,objective-c,Text,Objective-C,Text,M,Text,Limbo|M|MATLAB|MUF|Mason|Mercury|Objective-C|Wolfram Language,text,False,True,"Pygments heuristics: no heuristic of the remaining candidates matched, so the strategy's default ""Text"" became the answer, before the Bayesian classifier could run; without that strategy the classifier answers M (still wrong); without the comment strategy: Objective-C"
5465b7f4caa519a56aefc2eb481a841c1fde8111,calciumVwidthBBBanalysis.m,disagree,2.2,matlab,matlab,matlab,matlab,objective-c,matlab,MATLAB,MATLAB,MATLAB,MATLAB,MATLAB,Limbo|M|MATLAB|MUF|Mason|Mercury|Objective-C|Wolfram Language,language,True,True,
b05373f67b00c1f6091ad9378f0bb27be7fcf64c,odefun3.m,agree,48.36842105263158,matlab,matlab,matlab,matlab,matlab,matlab,MATLAB,MATLAB,MATLAB,MATLAB,MATLAB,Limbo|M|MATLAB|MUF|Mason|Mercury|Objective-C|Wolfram Language,language,True,True,
aeee5e6874e115a8ede6c4fb53a9eb96500df9b6,bbtest_constructors.m,agree,48.36842105263158,matlab,matlab,matlab,matlab,matlab,matlab,MATLAB,MATLAB,MATLAB,MATLAB,MATLAB,Limbo|M|MATLAB|MUF|Mason|Mercury|Objective-C|Wolfram Language,language,True,True,
2d7c44c466792911b7d85eec5913917965475d23,stk_options_set.m,agree,48.36842105263158,matlab,matlab,matlab,matlab,matlab,matlab,MATLAB,MATLAB,MATLAB,MATLAB,MATLAB,Limbo|M|MATLAB|MUF|Mason|Mercury|Objective-C|Wolfram Language,language,True,True,
4f03314fe6578a77c385ddb07ed170d6a0d7c116,Transfer_08-09-20_SC_Prot_opt_dG2_C_a-1045_P1.m,disagree,2.2,mathematica-wolfram,mathematica-wolfram,mathematica-wolfram,mathematica-wolfram,objective-c,mathematica-wolfram,Text,Text,Text,M,Text,Limbo|M|MATLAB|MUF|Mason|Mercury|Objective-C|Wolfram Language,text,False,True,"Pygments heuristics: no heuristic of the remaining candidates matched, so the strategy's default ""Text"" became the answer, before the Bayesian classifier could run; without that strategy the classifier answers M (still wrong)"
43ff83b70b86871bc54569ccd353989d2d91523c,quad_plots_etan_std.m,disagree,2.2,matlab,matlab,matlab,matlab,objective-c,matlab,MATLAB,MATLAB,MATLAB,MATLAB,MATLAB,Limbo|M|MATLAB|MUF|Mason|Mercury|Objective-C|Wolfram Language,language,True,True,
f2bff377f27bf00af0830d3a2b5a1c11463f1b0f,L9p3.m,disagree,2.2,matlab,matlab,matlab,unknown,objective-c,matlab,Text,Text,Text,M,Text,Limbo|M|MATLAB|MUF|Mason|Mercury|Objective-C|Wolfram Language,text,False,True,"Pygments heuristics: no heuristic of the remaining candidates matched, so the strategy's default ""Text"" became the answer, before the Bayesian classifier could run; without that strategy the classifier answers M (still wrong)"
3e9d07c3b66c64281a7399d1152e14084fe74c62,CREATE_BLOOM.m,agree,48.36842105263158,matlab,matlab,matlab,matlab,matlab,matlab,MATLAB,MATLAB,MATLAB,MATLAB,MATLAB,Limbo|M|MATLAB|MUF|Mason|Mercury|Objective-C|Wolfram Language,language,True,True,
2b0a23329e4cc8db7ec5bfbecfb0e2a32cf92434,OrderHelper.m,agree,48.36842105263158,objective-c,objective-c,objective-c,objective-c,objective-c,objective-c,Objective-C,Objective-C,Objective-C,Objective-C,Objective-C,Limbo|M|MATLAB|MUF|Mason|Mercury|Objective-C|Wolfram Language,language,True,True,
e3e2f7f69a451688467e5ed3e01373bd0c1d7a92,workspace.m,disagree,2.2,matlab,matlab,matlab,matlab,objective-c,matlab,MATLAB,MATLAB,MATLAB,MATLAB,MATLAB,Limbo|M|MATLAB|MUF|Mason|Mercury|Objective-C|Wolfram Language,language,True,True,
f2dcfe77af91ba277f29971d47de5d243e2914f4,special_symbols.m,disagree,,unsure,mathematica-wolfram,mathematica-wolfram,unknown,objective-c,unknown,Text,Text,Text,M,Text,Limbo|M|MATLAB|MUF|Mason|Mercury|Objective-C|Wolfram Language,text,False,True,
bf8f93db910a97a6abf18a635043849fb0df9947,intersect.m,disagree,2.2,octave,octave,octave,matlab,objective-c,octave,MATLAB,MATLAB,MATLAB,MATLAB,MATLAB,Limbo|M|MATLAB|MUF|Mason|Mercury|Objective-C|Wolfram Language,language,True,True,
4c3c618872051e8114d3aa3d37f68ed0f71268b2,full_wavefield_exp_dataset_L3_S1_B.m,disagree,2.2,matlab,matlab,matlab,matlab,objective-c,matlab,MATLAB,MATLAB,MATLAB,MATLAB,MATLAB,Limbo|M|MATLAB|MUF|Mason|Mercury|Objective-C|Wolfram Language,language,True,True,
cc59ae3ecefd62763e7a58c5666a0356c9e32e7d,main_12_复现Yan_在导函数上加噪声_good.m,agree,48.36842105263158,matlab,matlab,matlab,matlab,matlab,matlab,Limbo|M|MATLAB|MUF|Mason|Mercury|Objective-C|Wolfram Language,Limbo|M|MATLAB|MUF|Mason|Mercury|Objective-C|Wolfram Language,Limbo|M|MATLAB|MUF|Mason|Mercury|Objective-C|Wolfram Language,Limbo|M|MATLAB|MUF|Mason|Mercury|Objective-C|Wolfram Language,Limbo|M|MATLAB|MUF|Mason|Mercury|Objective-C|Wolfram Language,Limbo|M|MATLAB|MUF|Mason|Mercury|Objective-C|Wolfram Language,undecided,False,False,"content not valid UTF-8: `synid file` cannot read it, every content strategy is skipped and the extension's candidates are returned"
b7f369bcbf63d5a13f0663c42b0facb9bd36ddb4,convert.m,disagree,2.2,matlab,matlab,matlab,matlab,objective-c,matlab,MATLAB,MATLAB,MATLAB,MATLAB,MATLAB,Limbo|M|MATLAB|MUF|Mason|Mercury|Objective-C|Wolfram Language,language,True,True,
2aa25faa042945a4cdca9b8365ef885c25aa51b4,SimpleTensor.m,disagree,2.2,mathematica-wolfram,mathematica-wolfram,mathematica-wolfram,mathematica-wolfram,objective-c,mathematica-wolfram,Text,Text,Text,M,Text,Limbo|M|MATLAB|MUF|Mason|Mercury|Objective-C|Wolfram Language,text,False,True,"Pygments heuristics: no heuristic of the remaining candidates matched, so the strategy's default ""Text"" became the answer, before the Bayesian classifier could run; without that strategy the classifier answers M (still wrong)"
3951787602d80c1ccd30bbf4a568635ee1cd3a34,mergeInnerOuter.m,agree,48.36842105263158,matlab,matlab,matlab,matlab,matlab,matlab,MATLAB,MATLAB,MATLAB,MATLAB,MATLAB,Limbo|M|MATLAB|MUF|Mason|Mercury|Objective-C|Wolfram Language,language,True,True,
625aad06c3115bed5484238b4726b36368f946b2,"64S12-8,8,2-g9.m",disagree,2.2,magma,magma,magma,unknown,objective-c,unknown,Text,Text,Text,Mercury,Text,Limbo|M|MATLAB|MUF|Mason|Mercury|Objective-C|Wolfram Language,text,False,True,"Pygments heuristics: no heuristic of the remaining candidates matched, so the strategy's default ""Text"" became the answer, before the Bayesian classifier could run; without that strategy the classifier answers Mercury (still wrong); and the language is not among Synid's candidates for `.m`"
e4183b2f54a8191e17b45f22a3ee3bbc971f9a94,h264_psnrs.m,disagree,2.2,matlab,matlab,matlab,unknown,objective-c,matlab,Text,Text,Text,MATLAB,Text,Limbo|M|MATLAB|MUF|Mason|Mercury|Objective-C|Wolfram Language,text,False,True,"Pygments heuristics: no heuristic of the remaining candidates matched, so the strategy's default ""Text"" became the answer, before the Bayesian classifier could run; without that strategy the classifier answers MATLAB (right)"
d8237cb4dbbcfc48a203f0035d9b68631e3ecadb,"64S20-4,4,8-g13-path35.m",disagree,2.2,magma,magma,magma,unknown,objective-c,magma,Text,Text,Text,Mercury,Text,Limbo|M|MATLAB|MUF|Mason|Mercury|Objective-C|Wolfram Language,text,False,True,"Pygments heuristics: no heuristic of the remaining candidates matched, so the strategy's default ""Text"" became the answer, before the Bayesian classifier could run; without that strategy the classifier answers Mercury (still wrong); and the language is not among Synid's candidates for `.m`"
c6676eeab063d600534f4b7cd91c7a8500ddfa2f,ml_053.00.m,disagree,2.2,not-code,not-code,not-code,unknown,objective-c,not-code,Text,Text,Text,M,Text,Limbo|M|MATLAB|MUF|Mason|Mercury|Objective-C|Wolfram Language,text,True,True,
5c03006fc1cd7271a0596ecf8d4a82dd42646223,PhaseTransition.m,disagree,2.2,matlab,matlab,matlab,unknown,objective-c,matlab,Text,Text,Text,MATLAB,Text,Limbo|M|MATLAB|MUF|Mason|Mercury|Objective-C|Wolfram Language,text,False,True,"Pygments heuristics: no heuristic of the remaining candidates matched, so the strategy's default ""Text"" became the answer, before the Bayesian classifier could run; without that strategy the classifier answers MATLAB (right)"
c7f8219ab2c9c469bb736213778c66d8b75ca5e6,anblowup.m,disagree,2.2,matlab,matlab,matlab,unknown,objective-c,matlab,Text,Text,Text,MATLAB,Text,Limbo|M|MATLAB|MUF|Mason|Mercury|Objective-C|Wolfram Language,text,False,True,"Pygments heuristics: no heuristic of the remaining candidates matched, so the strategy's default ""Text"" became the answer, before the Bayesian classifier could run; without that strategy the classifier answers MATLAB (right)"
